,Skills,airflow,alteryx,angular,ansible,asana,asp.net,assembly,atlassian,aurora,aws,azure,bash,bigquery,bitbucket,blazor,c,c#,c++,cassandra,centos,chef,cognos,confluence,couchdb,crystal,css,databricks,datarobot,dax,debian,django,docker,dplyr,dynamodb,elasticsearch,elixir,excel,express,fastapi,firebase,firestore,flask,flow,flutter,gcp,gdpr,ggplot2,git,github,gitlab,go,golang,graphql,groovy,hadoop,html,hugging face,ibm cloud,java,javascript,jenkins,jira,jquery,julia,jupyter,kafka,keras,kotlin,kubernetes,linux,looker,macos,mariadb,matlab,matplotlib,microstrategy,mongo,mongodb,ms access,mxnet,mysql,neo4j,nltk,no-sql,node,node.js,nosql,notion,npm,numpy,opencv,openstack,oracle,outlook,pandas,pascal,perl,phoenix,php,plotly,postgresql,power bi,powerpoint,powershell,pulumi,puppet,pyspark,python,pytorch,qlik,r,react,redhat,redis,redshift,rshiny,ruby,ruby on rails,rust,sap,sas,sass,scala,scikit-learn,seaborn,selenium,sharepoint,sheets,shell,slack,smartsheet,snowflake,solidity,spark,splunk,spreadsheet,spring,spss,sql,sql server,ssis,ssrs,svn,swift,symphony,t-sql,tableau,tensorflow,terminal,terraform,theano,tidyverse,trello,twilio,typescript,ubuntu,unify,unity,unix,unreal,vba,visio,vue,vue.js,windows,word,yarn,zoom
0,airflow,1.0,-0.84,-0.07,-0.25,,,0.17,0.83,,0.5,0.88,0.21,0.6,0.77,,0.21,0.1,0.12,0.36,,0.56,0.98,-0.53,,-1.0,0.64,0.79,,0.9,,1.0,0.86,,-0.29,0.48,,0.69,-0.59,-0.45,,,-0.3,0.65,,0.48,0.79,,0.8,0.56,0.2,0.67,-0.71,0.99,-0.37,0.56,0.66,0.8,,0.61,0.46,0.81,0.8,1.0,0.73,0.73,0.82,0.7,1.0,0.52,-0.44,0.72,,,0.43,0.86,1.0,-0.98,0.6,,1.0,0.25,-0.06,0.81,-1.0,1.0,-0.36,0.21,,1.0,0.89,0.59,,0.95,0.16,0.68,,0.65,,-0.5,0.99,0.75,0.63,0.68,0.33,1.0,0.19,0.68,0.9,-0.51,0.4,0.86,-0.29,,0.69,0.71,,0.48,,0.48,0.2,0.15,,0.77,0.91,-0.99,-1.0,,-0.33,-0.48,-0.31,,0.92,,0.92,,-1.0,-0.87,-0.47,0.91,0.51,0.53,-0.62,,-0.79,,,0.93,-0.19,,-0.28,,,,,-0.8,,-0.85,,0.9,0.78,0.8,0.79,1.0,-1.0,-0.57,0.64,1.0,0.4
1,alteryx,-0.84,1.0,-0.81,0.88,,,1.0,-1.0,,-0.99,-0.89,0.18,-0.69,-1.0,,-0.24,0.37,-0.52,-1.0,,0.12,1.0,1.0,,-1.0,-0.98,-0.71,,1.0,,-1.0,-0.83,,1.0,-0.06,,-0.44,0.66,1.0,,,0.99,-0.96,,-0.87,-0.42,,-0.76,0.35,0.56,-0.47,1.0,1.0,1.0,-0.85,-0.97,-1.0,,-0.7,-0.48,-0.65,-0.5,,-0.95,-0.63,-0.8,-0.95,-1.0,-0.6,0.17,-0.73,,,-0.03,-0.91,,0.87,-0.4,,-1.0,0.87,0.97,,1.0,1.0,-0.14,-0.04,,-1.0,-0.56,,,-0.73,1.0,-0.89,,0.07,,1.0,-0.93,-0.98,-0.14,-0.52,1.0,,,-0.63,-0.74,0.24,0.19,-0.69,0.21,,,-0.87,,,,-0.94,0.45,0.48,,-0.59,-0.85,,1.0,,-1.0,0.9,0.43,,-0.5,,-0.65,,1.0,-1.0,0.82,-0.74,0.08,0.43,0.91,,,,,-0.73,-0.91,,0.36,,,,,1.0,,-1.0,,1.0,,-1.0,-0.07,,,0.03,-0.83,,
2,angular,-0.07,-0.81,1.0,-0.7,1.0,,-1.0,0.14,,0.37,0.16,-0.5,-0.37,0.79,,0.65,-0.42,-0.06,0.71,,-0.68,-0.77,-0.42,,1.0,0.57,-0.1,,-0.74,,1.0,0.43,,-0.15,-0.76,,-0.53,-0.47,-0.57,,,0.21,0.95,,0.21,-0.35,,0.15,-0.35,0.07,-0.32,-0.15,-0.52,-0.23,0.3,0.52,-1.0,,0.02,0.19,-0.12,-0.24,0.97,0.54,-0.19,0.07,0.12,0.84,0.09,0.42,-0.15,,,-0.55,-0.31,,-0.42,-0.13,,1.0,-0.58,-0.51,1.0,-1.0,-1.0,0.95,0.19,,1.0,-0.36,-0.86,,-0.08,0.35,0.1,,-0.5,,-0.36,1.0,0.08,-0.55,-0.37,-0.49,0.17,-0.28,-0.35,-0.25,-0.03,-0.07,-0.03,0.36,,-0.55,-0.22,,0.11,,0.16,-0.44,-0.22,,-0.44,-0.16,-1.0,-1.0,,-0.43,-0.67,0.13,,-0.56,-1.0,-0.25,,-1.0,0.87,-0.74,-0.32,0.01,-0.77,-0.99,,-0.31,,-1.0,-0.22,0.29,,0.3,,,,,-0.53,,0.42,,-0.48,-0.37,0.02,-0.55,-0.99,-1.0,0.21,0.76,1.0,-0.69
3,ansible,-0.25,0.88,-0.7,1.0,1.0,,0.56,-0.58,,-0.64,-0.24,0.41,-0.44,-0.49,,-0.58,0.46,0.58,-0.21,,0.72,0.87,0.42,,-1.0,-0.67,0.03,,0.51,,-1.0,-0.61,,0.75,0.17,,-0.1,0.82,-0.09,,,-0.55,-0.57,,-0.67,0.55,,-0.4,0.63,-0.14,0.04,-0.22,0.14,0.8,-0.48,-0.61,-1.0,,-0.22,0.23,-0.55,0.05,-1.0,-0.51,0.09,-0.55,-0.23,-0.86,-0.64,-0.37,-0.09,,,0.57,-0.49,-1.0,0.54,0.37,,-1.0,0.18,-0.17,-1.0,1.0,1.0,-0.77,-0.06,,-1.0,-0.5,-0.44,,-0.11,0.07,-0.55,,0.47,,0.72,-1.0,-0.56,0.35,-0.11,0.32,0.25,0.86,-0.31,-0.35,-0.24,-0.05,0.12,-0.23,,0.23,-0.54,,0.6,,-0.94,-0.33,0.67,,-0.45,-0.02,1.0,1.0,,0.35,0.86,-0.74,,0.45,1.0,0.17,,1.0,-0.57,0.99,-0.49,-0.19,0.57,1.0,,0.05,,1.0,-0.16,-0.57,,-0.35,,,,,-0.38,,-0.24,,0.05,0.35,-0.15,0.35,1.0,1.0,-0.36,-0.76,-1.0,0.74
4,asana,,,1.0,1.0,1.0,,,-1.0,,1.0,1.0,,-1.0,,,1.0,-1.0,1.0,,,,1.0,-1.0,,,-1.0,1.0,,-1.0,,,1.0,,,1.0,,-1.0,,,,,,-1.0,,1.0,,,-1.0,1.0,1.0,-1.0,,-1.0,,-1.0,1.0,,,1.0,-1.0,-1.0,-1.0,,,,1.0,,,1.0,1.0,-1.0,,,1.0,-1.0,,,,,,-1.0,,,,,1.0,1.0,,,-1.0,,,-1.0,-1.0,-1.0,,-1.0,,1.0,,,-1.0,-1.0,,,,,-1.0,,-1.0,-1.0,-1.0,,,-1.0,,,,,1.0,-1.0,,1.0,,,,,,,1.0,,,,1.0,,,,,-1.0,-1.0,-1.0,,,,,,-1.0,,,1.0,,,,,,,1.0,,1.0,,-1.0,,,,1.0,-1.0,,
5,asp.net,,,,,,,,,,,,,,,,,,,,,,,,,,,,,,,,,,,,,,,,,,,,,,,,,,,,,,,,,,,,,,,,,,,,,,,,,,,,,,,,,,,,,,,,,,,,,,,,,,,,,,,,,,,,,,,,,,,,,,,,,,,,,,,,,,,,,,,,,,,,,,,,,,,,,,,,,,,,,,,,,,,,,,,,
6,assembly,0.17,1.0,-1.0,0.56,,,1.0,-0.18,,0.0,-0.31,0.02,1.0,1.0,,-0.97,1.0,0.23,-1.0,,0.91,0.36,0.14,,-1.0,1.0,0.05,,0.7,,,-0.59,,,0.74,,0.52,0.65,,,,-1.0,-0.88,,-0.13,0.51,,-0.14,0.27,-0.81,0.97,,1.0,,0.4,1.0,,,-0.09,0.39,-0.21,-0.09,,-0.7,1.0,-0.7,,,0.54,-0.82,0.49,,,1.0,-1.0,,-1.0,,,,0.33,-1.0,,,1.0,-1.0,-0.84,,,0.52,1.0,,0.35,1.0,0.21,,1.0,,1.0,,1.0,0.79,-1.0,,,-1.0,0.97,0.62,1.0,0.32,0.19,1.0,,,0.92,,,,-1.0,0.58,0.57,,0.33,,,,,1.0,,-0.6,,0.1,,-0.05,,,-1.0,1.0,0.48,0.29,1.0,1.0,,,,,0.68,1.0,,-0.74,,,,,,,-1.0,,1.0,,,1.0,,,-0.18,-0.08,,
7,atlassian,0.83,-1.0,0.14,-0.58,-1.0,,-0.18,1.0,,0.18,0.45,-0.17,0.76,-1.0,,0.03,0.74,0.27,-0.99,,1.0,-0.48,0.77,,-1.0,0.49,0.04,,-0.14,,,0.71,,-1.0,0.21,,0.91,-0.81,1.0,,,-0.24,0.54,,0.22,0.41,,0.72,-0.51,0.21,0.56,-0.1,-0.28,-1.0,0.72,0.23,0.99,,0.71,-0.0,0.92,0.8,,0.63,0.57,0.61,0.36,-1.0,0.23,-0.56,0.88,,,-0.25,0.75,,-1.0,0.01,,,0.57,0.99,-1.0,,1.0,-0.23,-0.1,,,0.72,0.53,,0.86,0.4,0.81,,-0.21,,-0.96,1.0,0.8,0.37,0.67,,-1.0,-1.0,0.82,0.65,-0.44,0.11,0.51,-0.46,,-0.63,0.89,,-0.64,,0.94,0.16,-0.22,,0.62,0.67,1.0,,,-1.0,-0.69,-0.19,,0.87,-1.0,0.63,,,-1.0,1.0,0.85,0.1,-0.1,-0.89,,-1.0,,-1.0,0.84,0.64,,-0.65,,,,,-0.15,,-0.68,,-0.24,1.0,1.0,1.0,-1.0,-1.0,-0.79,0.55,,
8,aurora,,,,,,,,,,,,,,,,,,,,,,,,,,,,,,,,,,,,,,,,,,,,,,,,,,,,,,,,,,,,,,,,,,,,,,,,,,,,,,,,,,,,,,,,,,,,,,,,,,,,,,,,,,,,,,,,,,,,,,,,,,,,,,,,,,,,,,,,,,,,,,,,,,,,,,,,,,,,,,,,,,,,,,,,
9,aws,0.5,-0.99,0.37,-0.64,1.0,,0.0,0.18,,1.0,0.73,0.26,0.1,0.83,,0.49,-0.76,0.16,0.83,,-0.54,0.66,-0.88,,-1.0,0.8,0.5,,0.46,,1.0,0.68,,-0.17,0.5,,0.19,-0.4,-0.56,,,-0.51,0.64,,0.92,0.07,,0.49,-0.37,-0.01,0.08,0.25,0.79,-0.24,0.73,0.84,0.5,,0.64,0.2,0.49,0.01,0.36,0.77,0.63,0.75,0.74,0.9,0.73,0.47,-0.44,,,0.53,0.12,1.0,-0.89,0.57,,1.0,-0.38,-0.4,0.98,-1.0,1.0,0.15,0.74,,0.4,0.51,0.53,,-0.06,-0.97,0.41,,0.3,,0.42,0.97,0.44,0.32,0.57,0.04,0.41,-0.72,0.44,0.68,0.73,-0.06,0.47,-0.13,,0.92,0.13,,0.08,,0.48,-0.12,-0.18,,0.5,0.84,-0.95,-1.0,,0.49,-0.78,0.04,,-0.42,1.0,0.3,,-1.0,-0.43,-0.09,0.54,0.06,0.11,-0.91,,0.14,,1.0,0.29,0.82,,0.19,,,,,-0.2,,0.33,,0.94,0.95,-0.36,0.27,-0.36,-1.0,0.29,0.69,1.0,0.0
10,azure,0.88,-0.89,0.16,-0.24,1.0,,-0.31,0.45,,0.73,1.0,0.6,0.15,0.83,,0.59,-0.82,0.3,0.56,,-0.61,0.74,-0.66,,1.0,0.71,0.72,,0.72,,1.0,0.88,,0.13,0.66,,0.42,-0.44,-0.78,,,-0.34,0.67,,0.8,0.53,,0.67,-0.06,0.34,0.2,-0.02,0.78,0.06,0.66,0.78,0.2,,0.77,0.42,0.58,0.44,0.53,0.89,0.89,0.85,0.87,0.79,0.61,0.48,-0.43,,,0.7,-0.06,1.0,-0.81,0.54,,1.0,-0.0,-0.7,0.87,-1.0,-1.0,-0.07,0.72,,0.82,0.31,0.65,,0.35,-0.99,0.32,,0.46,,0.7,0.98,0.67,0.6,0.67,0.4,0.66,-0.28,0.42,0.83,0.62,0.21,0.84,-0.33,,0.96,0.34,,0.36,,0.23,0.03,0.06,,0.62,0.93,-1.0,-1.0,,-0.09,-0.6,-0.15,,0.19,1.0,0.8,,-1.0,-0.33,-0.51,0.7,0.38,0.34,-0.9,,0.27,,1.0,0.61,0.73,,0.25,,,,,-0.21,,0.35,,0.94,0.98,-0.59,0.4,-0.02,1.0,-0.12,0.67,1.0,0.39
11,bash,0.21,0.18,-0.5,0.41,,,0.02,-0.17,,0.26,0.6,1.0,-0.13,0.09,,-0.17,0.05,0.35,0.15,,0.05,1.0,0.92,,-1.0,-0.89,0.36,,0.7,,-1.0,0.35,,0.64,0.81,,0.23,0.87,0.07,,,-0.28,0.03,,0.4,0.42,,0.64,-0.08,0.65,0.39,-0.78,0.91,0.7,0.16,-0.87,-0.26,,0.26,-0.34,0.4,0.66,,0.4,0.77,0.12,0.57,-1.0,-0.21,0.06,-0.05,,,0.8,0.32,,0.84,0.41,,-1.0,0.32,-0.05,0.36,1.0,1.0,-0.82,0.53,,-1.0,0.25,0.91,,0.31,0.74,0.47,,0.58,,1.0,0.26,-0.3,0.73,0.79,0.95,0.98,0.12,-0.03,0.47,0.7,-0.77,0.66,-0.74,,1.0,-0.12,,0.99,,-0.41,-0.48,0.24,,0.32,0.6,-0.77,1.0,,-1.0,0.49,-0.55,,-0.17,,0.47,,1.0,-0.5,0.85,0.34,-0.23,0.74,0.03,,-0.03,,,0.35,0.53,,0.09,,,,,-0.72,,-0.47,,0.66,0.81,-1.0,0.36,,1.0,-0.5,0.45,1.0,0.98
12,bigquery,0.6,-0.69,-0.37,-0.44,-1.0,,1.0,0.76,,0.1,0.15,-0.13,1.0,-0.71,,-0.18,0.13,-0.01,-0.72,,0.75,-0.08,0.2,,-1.0,0.13,0.45,,0.68,,1.0,0.48,,-0.92,0.5,,0.74,-0.53,0.94,,,-0.01,-0.1,,0.21,0.04,,0.27,0.18,-0.46,0.31,0.53,0.87,-0.88,0.16,0.12,0.98,,0.14,-0.48,0.65,0.38,0.57,0.15,0.24,0.68,0.17,0.2,0.47,-0.32,0.55,,,0.13,0.24,,-0.85,0.12,,1.0,0.21,0.85,-0.88,-1.0,1.0,-0.38,-0.23,,1.0,0.63,0.22,,0.34,-0.28,0.32,,0.03,,-0.53,0.95,0.79,0.24,0.94,0.92,-0.64,-0.98,0.87,0.62,-0.38,-0.45,-0.01,-0.31,,0.06,0.96,,-0.84,,0.91,0.47,-0.65,,0.82,0.29,0.54,-1.0,,-0.41,-0.32,0.16,,0.9,-1.0,0.45,,-1.0,-0.84,-0.27,0.82,-0.21,0.77,-0.59,,-0.34,,-1.0,0.59,-0.06,,-0.29,,,,,0.38,,-0.7,,0.29,-0.03,0.85,0.89,0.7,-1.0,-0.22,0.31,1.0,0.07
13,bitbucket,0.77,-1.0,0.79,-0.49,,,1.0,-1.0,,0.83,0.83,0.09,-0.71,1.0,,0.64,-0.89,-0.33,0.99,,-0.98,,-0.73,,,0.87,-0.32,,1.0,,1.0,0.6,,0.36,-0.23,,-0.94,-0.19,-0.91,,,0.56,0.9,,0.64,-0.04,,0.72,-0.42,0.41,0.38,-0.58,1.0,0.29,0.45,0.9,,,-0.61,0.3,0.16,-0.26,,0.73,0.31,-0.12,0.5,1.0,0.6,0.87,-0.68,,,-0.28,0.39,,-1.0,0.05,,1.0,-0.5,-0.87,1.0,,,0.82,0.72,,,0.28,-0.24,,0.01,1.0,0.57,,0.16,,1.0,,-0.22,0.03,,-0.22,0.94,-0.03,-0.65,0.46,0.55,1.0,0.7,0.42,,1.0,-0.49,,0.94,,-1.0,-0.77,0.28,,-0.1,0.49,-1.0,-1.0,,,-0.55,0.09,,-0.65,,-0.26,,,1.0,-1.0,0.3,0.59,-0.68,-1.0,,-1.0,,,0.25,0.56,,0.78,,,,,-0.82,,1.0,,0.95,1.0,,-0.8,,1.0,0.06,0.79,1.0,-0.12
14,blazor,,,,,,,,,,,,,,,,,,,,,,,,,,,,,,,,,,,,,,,,,,,,,,,,,,,,,,,,,,,,,,,,,,,,,,,,,,,,,,,,,,,,,,,,,,,,,,,,,,,,,,,,,,,,,,,,,,,,,,,,,,,,,,,,,,,,,,,,,,,,,,,,,,,,,,,,,,,,,,,,,,,,,,,,
15,c,0.21,-0.24,0.65,-0.58,1.0,,-0.97,0.03,,0.49,0.59,-0.17,-0.18,0.64,,1.0,-0.92,-0.38,0.5,,-0.99,0.01,-0.49,,1.0,0.2,0.23,,-0.46,,1.0,0.71,,-0.56,-0.28,,-0.26,-0.45,-0.16,,,0.21,0.58,,0.51,-0.51,,0.19,-0.33,0.55,-0.67,0.33,-0.77,-0.63,0.12,0.22,-1.0,,0.33,-0.03,0.22,-0.11,1.0,0.52,-0.8,0.61,0.88,0.97,0.3,0.91,-0.52,,,-0.29,-0.24,1.0,0.26,-0.14,,1.0,-0.36,-0.11,1.0,1.0,-1.0,0.76,0.78,,-1.0,-0.18,0.11,,-0.2,-0.46,-0.02,,-0.8,,0.17,-1.0,0.7,-0.66,-0.14,-0.98,-1.0,-0.68,-0.34,0.07,0.2,0.03,0.06,-0.03,,-0.13,-0.07,,-0.95,,0.18,0.04,-0.39,,0.19,-0.72,-1.0,-1.0,,-0.99,-0.98,0.63,,-0.24,-1.0,0.16,,1.0,1.0,-0.76,0.08,0.11,-0.89,-0.69,,1.0,,-1.0,-0.27,0.93,,0.85,,,,,0.6,,0.94,,-0.11,-1.0,-0.96,-0.95,-1.0,-1.0,0.51,0.22,,-0.83
16,c#,0.1,0.37,-0.42,0.46,-1.0,,1.0,0.74,,-0.76,-0.82,0.05,0.13,-0.89,,-0.92,1.0,-0.42,-0.97,,0.97,-0.33,0.68,,-1.0,-0.4,-0.82,,-0.17,,-1.0,-0.87,,1.0,-0.18,,0.86,0.52,1.0,,,-0.53,-0.42,,-0.8,0.52,,0.12,-0.56,-0.19,0.68,-0.03,-0.25,1.0,0.06,-0.45,,,-0.49,0.2,0.52,0.67,-1.0,-0.67,-0.18,-0.93,-0.88,-0.95,-0.6,-0.83,0.74,,,-0.08,0.91,,-0.13,-0.01,,-1.0,0.43,0.14,,-1.0,1.0,-0.74,-0.91,,1.0,0.83,1.0,,0.71,0.79,0.31,,0.13,,-0.61,1.0,-0.95,0.03,0.99,-0.25,-1.0,,0.31,-0.3,-0.66,0.26,-0.06,-0.04,,-0.88,0.18,,-0.97,,-1.0,-0.33,0.71,,-0.41,0.67,,1.0,,1.0,0.87,-0.9,,0.58,-1.0,-0.52,,-1.0,-0.67,0.84,0.02,-0.2,0.18,0.78,,-0.87,,-1.0,0.33,-0.84,,-0.65,,,,,-0.69,,-0.82,,-0.54,1.0,0.87,0.58,-1.0,,0.15,-0.07,-1.0,-0.21
17,c++,0.12,-0.52,-0.06,0.58,1.0,,0.23,0.27,,0.16,0.3,0.35,-0.01,-0.33,,-0.38,-0.42,1.0,0.36,,0.43,0.99,-0.32,,-1.0,0.21,0.52,,0.46,,-1.0,-0.1,,0.43,0.4,,0.32,0.37,0.32,,,-0.38,0.39,,-0.11,0.81,,-0.01,0.64,-0.39,0.0,-0.43,0.94,0.5,0.74,0.23,0.35,,0.84,0.1,-0.18,0.18,-0.49,0.32,0.97,0.65,0.8,0.04,-0.18,-0.26,-0.08,,,0.57,-0.52,,-0.08,0.62,,-1.0,0.0,0.24,0.45,-1.0,1.0,-0.28,0.67,,-0.49,-0.46,0.14,,0.02,-0.8,-0.27,,0.74,,0.62,0.79,0.2,0.57,0.98,0.88,0.35,0.88,0.37,0.19,0.18,-0.49,0.58,-0.49,,0.87,-0.05,,0.57,,0.24,-0.35,-0.05,,-0.05,0.91,-0.83,1.0,,1.0,-0.19,-0.59,,0.6,1.0,0.61,,-1.0,-0.55,0.69,-0.12,-0.15,0.78,-0.55,,0.07,,1.0,0.29,0.33,,-0.56,,,,,-0.43,,-0.04,,0.93,1.0,-0.26,0.63,-0.55,1.0,-0.56,0.88,1.0,0.88
18,cassandra,0.36,-1.0,0.71,-0.21,,,-1.0,-0.99,,0.83,0.56,0.15,-0.72,0.99,,0.5,-0.97,0.36,1.0,,-1.0,-1.0,-0.71,,,0.84,-0.02,,0.56,,1.0,0.36,,0.42,-0.37,,-0.5,-0.16,-0.93,,,0.56,0.81,,0.75,0.48,,0.61,0.42,0.38,0.28,-0.69,1.0,0.35,0.32,0.87,,,0.09,0.37,-0.11,0.12,,0.77,0.44,0.07,0.59,1.0,0.34,0.8,-0.62,,,-0.22,-0.59,1.0,-1.0,-0.01,,1.0,-0.23,-0.9,1.0,,,0.79,0.65,,,-1.0,-0.67,,0.22,1.0,0.45,,0.29,,1.0,,0.01,0.26,1.0,-0.01,1.0,0.79,-0.29,0.27,0.44,0.49,0.61,0.3,,1.0,-0.28,,0.94,,-1.0,-0.4,0.35,,-0.38,0.62,-1.0,-1.0,,-1.0,-0.47,-0.42,,-0.08,,0.27,,,1.0,-1.0,0.06,0.72,-0.51,-1.0,,-1.0,,,0.31,0.47,,0.7,,,,,-0.82,,1.0,,0.95,1.0,,-0.66,,1.0,-0.37,0.73,1.0,0.04
19,centos,,,,,,,,,,,,,,,,,,,,,,,,,,,,,,,,,,,,,,,,,,,,,,,,,,,,,,,,,,,,,,,,,,,,,,,,,,,,,,,,,,,,,,,,,,,,,,,,,,,,,,,,,,,,,,,,,,,,,,,,,,,,,,,,,,,,,,,,,,,,,,,,,,,,,,,,,,,,,,,,,,,,,,,,
20,chef,0.56,0.12,-0.68,0.72,,,0.91,1.0,,-0.54,-0.61,0.05,0.75,-0.98,,-0.99,0.97,0.43,-1.0,,1.0,1.0,0.08,,-1.0,0.07,0.51,,0.99,,-1.0,-0.82,,1.0,0.45,,0.7,0.28,1.0,,,-1.0,-0.47,,-0.62,0.98,,-0.51,0.71,-0.83,0.72,1.0,1.0,1.0,0.05,0.1,,,-0.01,0.54,-0.55,0.67,1.0,-0.4,0.88,-0.75,-1.0,-1.0,-0.19,-0.91,0.8,,,0.9,-0.62,,-0.38,1.0,,-1.0,0.34,-0.12,,-1.0,1.0,-0.67,-0.77,,0.66,-0.01,-1.0,,0.71,1.0,-0.41,,1.0,,1.0,1.0,-1.0,0.94,1.0,1.0,,1.0,0.83,0.2,-0.7,0.78,0.82,0.49,,,0.48,,,,-1.0,0.83,0.98,,0.15,1.0,,1.0,,0.39,1.0,-0.92,,0.74,,0.82,,-1.0,-1.0,0.42,0.03,0.55,0.95,0.6,,,,,0.77,-0.9,,-0.73,,,,,,,-1.0,,1.0,,0.99,0.98,1.0,,-0.64,-0.15,,
21,cognos,0.98,1.0,-0.77,0.87,1.0,,0.36,-0.48,,0.66,0.74,1.0,-0.08,,,0.01,-0.33,0.99,-1.0,,1.0,1.0,-0.88,,-1.0,0.71,0.88,,0.85,,,0.23,,,0.98,,-0.0,-0.47,,,,-1.0,-0.36,,0.9,0.93,,-0.37,1.0,-0.17,-0.15,1.0,0.7,,0.18,0.94,,,0.54,0.72,-0.27,-0.29,,-1.0,1.0,0.57,1.0,1.0,1.0,0.32,-0.8,,,0.98,-1.0,,-1.0,1.0,,,-0.29,-1.0,,,1.0,-0.44,0.61,,,-0.15,-1.0,,-0.29,-0.84,-0.74,,0.58,,0.95,,0.25,0.58,-0.66,,,,0.6,0.71,1.0,0.46,0.42,0.83,,1.0,-0.35,,1.0,,-1.0,0.91,0.53,,0.95,,,,,-1.0,1.0,0.28,,0.97,1.0,0.56,,,-1.0,1.0,0.24,0.37,0.56,1.0,,,,1.0,-0.01,-1.0,,0.2,,,,,1.0,,0.26,,1.0,,-1.0,1.0,1.0,,0.84,-0.83,,
22,confluence,-0.53,1.0,-0.42,0.42,-1.0,,0.14,0.77,,-0.88,-0.66,0.92,0.2,-0.73,,-0.49,0.68,-0.32,-0.71,,0.08,-0.88,1.0,,1.0,-0.81,-0.76,,-0.42,,-1.0,-0.49,,1.0,0.06,,0.24,0.98,1.0,,,0.94,-0.55,,-0.81,-0.25,,0.13,-0.34,0.33,0.33,-0.66,-0.39,1.0,-0.55,-0.87,,,-0.53,-0.61,0.25,0.5,-0.6,-0.28,0.34,-0.67,-0.39,-0.83,-0.81,-0.53,0.77,,,-0.46,0.72,-1.0,0.91,-0.61,,-1.0,0.55,0.99,,1.0,-1.0,-0.64,-0.69,,-0.85,0.27,0.68,,0.3,0.99,0.41,,-0.08,,-1.0,-1.0,-0.48,0.01,0.36,0.34,-1.0,,-0.25,-0.43,-0.36,-0.41,-0.29,-0.7,,-0.94,0.12,,-0.47,,1.0,-0.38,0.0,,-0.37,-0.01,,1.0,,0.02,0.78,-0.72,,-0.42,-1.0,-0.42,,1.0,0.08,0.49,-0.17,-0.38,0.17,0.83,,-0.46,,-1.0,0.02,-0.41,,-0.17,,,,,-1.0,,-0.58,,-0.67,1.0,0.46,0.1,0.02,,-0.35,-0.34,1.0,0.35
23,couchdb,,,,,,,,,,,,,,,,,,,,,,,,,,,,,,,,,,,,,,,,,,,,,,,,,,,,,,,,,,,,,,,,,,,,,,,,,,,,,,,,,,,,,,,,,,,,,,,,,,,,,,,,,,,,,,,,,,,,,,,,,,,,,,,,,,,,,,,,,,,,,,,,,,,,,,,,,,,,,,,,,,,,,,,,
24,crystal,-1.0,-1.0,1.0,-1.0,,,-1.0,-1.0,,-1.0,1.0,-1.0,-1.0,,,1.0,-1.0,-1.0,,,-1.0,-1.0,1.0,,1.0,-1.0,1.0,,-1.0,,,1.0,,,-1.0,,-1.0,-1.0,,,,1.0,1.0,,-1.0,-1.0,,-1.0,-1.0,1.0,-1.0,,-1.0,,-1.0,-1.0,,,-1.0,-1.0,-1.0,-1.0,,1.0,-1.0,1.0,,,-1.0,1.0,-1.0,,,-1.0,,,1.0,,,,-1.0,1.0,,,-1.0,1.0,1.0,,,-1.0,,,-1.0,-1.0,-1.0,,-1.0,,-1.0,,,-1.0,,,,,-1.0,-1.0,,-1.0,-1.0,-1.0,,,-1.0,,,,1.0,-1.0,-1.0,,-1.0,,,,,,,1.0,,-1.0,,-1.0,,,1.0,-1.0,-1.0,-1.0,-1.0,-1.0,,,,,-1.0,,,1.0,,,,,,,1.0,,-1.0,,,-1.0,,,1.0,1.0,,
25,css,0.64,-0.98,0.57,-0.67,-1.0,,1.0,0.49,,0.8,0.71,-0.89,0.13,0.87,,0.2,-0.4,0.21,0.84,,0.07,0.71,-0.81,,-1.0,1.0,0.47,,0.46,,1.0,0.64,,-0.14,-0.32,,-0.13,-0.73,-0.58,,,0.72,0.68,,0.71,0.28,,0.1,0.23,-0.74,0.06,0.41,1.0,-0.22,0.61,0.99,1.0,,0.4,0.52,-0.07,-0.5,0.84,0.84,0.53,0.49,0.92,0.99,0.84,0.09,-0.21,,,0.08,-0.2,,-0.95,0.31,,1.0,-0.59,-0.36,1.0,-1.0,1.0,0.7,0.19,,0.87,0.21,-0.97,,-0.08,-0.46,0.06,,0.16,,-0.23,1.0,0.44,-0.02,-0.21,-0.99,-1.0,-1.0,0.4,0.67,0.15,0.64,0.39,0.84,,0.62,0.23,,-0.89,,0.74,0.25,-0.14,,0.22,0.95,-1.0,-1.0,,0.06,-0.93,0.34,,0.1,1.0,0.61,,-1.0,-1.0,-0.48,0.41,0.85,-0.22,-0.75,,1.0,,1.0,0.33,0.42,,-0.18,,,,,0.99,,-0.5,,0.73,1.0,0.11,0.27,-0.42,-1.0,0.37,0.77,,-0.93
26,databricks,0.79,-0.71,-0.1,0.03,1.0,,0.05,0.04,,0.5,0.72,0.36,0.45,-0.32,,0.23,-0.82,0.52,-0.02,,0.51,0.88,-0.76,,1.0,0.47,1.0,,0.64,,1.0,0.45,,-1.0,0.61,,0.23,-0.05,0.68,,,-0.57,0.32,,0.31,0.51,,0.11,0.47,-0.42,-0.17,0.46,0.6,-1.0,0.4,0.55,0.64,,0.48,0.01,0.07,0.04,0.57,0.66,0.74,0.9,0.69,0.6,0.44,0.29,-0.32,,,0.71,-0.54,,-0.73,0.58,,1.0,-0.42,0.7,0.24,-1.0,-1.0,-0.2,0.65,,0.86,-0.13,0.33,,-0.35,-0.99,-0.24,,0.24,,0.47,0.86,0.56,0.37,0.63,0.27,0.11,0.2,0.52,0.6,0.1,-0.45,0.4,-0.33,,0.86,0.35,,-0.16,,0.64,0.06,-0.45,,0.63,0.83,-0.68,-1.0,,-0.83,-0.58,-0.08,,0.51,1.0,0.82,,-1.0,-0.3,-0.95,0.33,-0.19,0.26,-0.77,,0.11,,1.0,0.28,0.31,,0.06,,,,,0.03,,0.52,,0.8,0.62,-0.76,0.39,0.32,-1.0,-0.27,0.52,1.0,0.22
27,datarobot,,,,,,,,,,,,,,,,,,,,,,,,,,,,,,,,,,,,,,,,,,,,,,,,,,,,,,,,,,,,,,,,,,,,,,,,,,,,,,,,,,,,,,,,,,,,,,,,,,,,,,,,,,,,,,,,,,,,,,,,,,,,,,,,,,,,,,,,,,,,,,,,,,,,,,,,,,,,,,,,,,,,,,,,
28,dax,0.9,1.0,-0.74,0.51,-1.0,,0.7,-0.14,,0.46,0.72,0.7,0.68,1.0,,-0.46,-0.17,0.46,0.56,,0.99,0.85,-0.42,,-1.0,0.46,0.64,,1.0,,,0.46,,,0.95,,0.42,-0.08,,,,0.5,-0.02,,0.53,1.0,,0.44,0.85,-0.04,0.48,0.28,0.94,,0.28,0.58,,,0.44,0.43,0.24,0.21,-1.0,0.37,0.74,0.6,0.71,1.0,0.91,-0.24,-0.21,,,0.92,0.0,,-1.0,0.4,,,0.49,-1.0,,,1.0,-0.69,0.25,,-1.0,0.43,1.0,,0.26,-0.39,0.19,,0.96,,0.61,,0.76,0.95,0.98,0.61,1.0,,0.93,0.94,0.41,0.72,0.79,0.28,,0.99,0.52,,0.66,,-1.0,0.96,0.84,,0.89,1.0,,,,0.88,-0.56,-0.18,,0.84,1.0,0.7,,,-0.97,0.73,0.82,0.83,0.96,1.0,,1.0,,1.0,0.68,0.19,,-0.38,,,,,0.98,,-0.3,,0.91,1.0,-0.11,0.99,0.77,,-0.54,-0.46,1.0,1.0
29,debian,,,,,,,,,,,,,,,,,,,,,,,,,,,,,,,,,,,,,,,,,,,,,,,,,,,,,,,,,,,,,,,,,,,,,,,,,,,,,,,,,,,,,,,,,,,,,,,,,,,,,,,,,,,,,,,,,,,,,,,,,,,,,,,,,,,,,,,,,,,,,,,,,,,,,,,,,,,,,,,,,,,,,,,,
30,django,1.0,-1.0,1.0,-1.0,,,,,,1.0,1.0,-1.0,1.0,1.0,,1.0,-1.0,-1.0,1.0,,-1.0,,-1.0,,,1.0,1.0,,,,1.0,1.0,,-1.0,-1.0,,-1.0,-1.0,-1.0,,,,1.0,,1.0,-1.0,,1.0,-1.0,-1.0,-1.0,-1.0,,-1.0,1.0,1.0,,,1.0,-1.0,1.0,-1.0,,1.0,-1.0,1.0,1.0,1.0,1.0,1.0,1.0,,,-1.0,,,-1.0,-1.0,,1.0,-1.0,-1.0,,,,1.0,1.0,,,-1.0,,,1.0,,1.0,,-1.0,,,,1.0,-1.0,,-1.0,,,-1.0,1.0,-1.0,1.0,-1.0,1.0,,,1.0,,,,,-1.0,-1.0,,-1.0,,,-1.0,,,-1.0,1.0,,-1.0,,-1.0,,,,-1.0,1.0,1.0,-1.0,-1.0,,,,,1.0,1.0,,1.0,,,,,,,,,,,,-1.0,,,1.0,1.0,,
31,docker,0.86,-0.83,0.43,-0.61,1.0,,-0.59,0.71,,0.68,0.88,0.35,0.48,0.6,,0.71,-0.87,-0.1,0.36,,-0.82,0.23,-0.49,,1.0,0.64,0.45,,0.46,,1.0,1.0,,-0.78,0.54,,0.63,-0.55,0.12,,,-0.5,0.76,,0.88,0.23,,0.82,-0.49,0.53,0.27,0.07,0.49,-0.82,0.7,0.64,0.49,,0.74,0.19,0.85,0.66,0.84,0.74,0.63,0.91,0.69,0.99,0.53,0.49,-0.05,,,0.36,0.37,1.0,-0.37,0.64,,1.0,0.03,0.2,0.55,-1.0,-1.0,-0.14,0.54,,0.97,0.62,0.76,,0.54,-0.56,0.58,,-0.08,,-0.26,0.92,0.77,0.41,0.73,0.26,0.24,-0.8,0.47,0.82,0.45,0.09,0.76,-0.59,,0.49,0.57,,-0.15,,0.65,-0.01,-0.17,,0.76,0.85,-0.89,-1.0,,-0.25,-0.69,-0.06,,0.03,-1.0,0.7,,-1.0,0.24,-0.8,0.83,0.21,-0.09,-0.95,,-0.17,,-1.0,0.7,0.66,,0.41,,,,,-0.38,,0.47,,0.59,0.8,-0.48,-0.16,-0.86,-1.0,0.2,0.74,1.0,0.19
32,dplyr,,,,,,,,,,,,,,,,,,,,,,,,,,,,,,,,,,,,,,,,,,,,,,,,,,,,,,,,,,,,,,,,,,,,,,,,,,,,,,,,,,,,,,,,,,,,,,,,,,,,,,,,,,,,,,,,,,,,,,,,,,,,,,,,,,,,,,,,,,,,,,,,,,,,,,,,,,,,,,,,,,,,,,,,
33,dynamodb,-0.29,1.0,-0.15,0.75,,,,-1.0,,-0.17,0.13,0.64,-0.92,0.36,,-0.56,1.0,0.43,0.42,,1.0,,1.0,,,-0.14,-1.0,,,,-1.0,-0.78,,1.0,-0.11,,-0.65,0.85,-0.72,,,-1.0,0.05,,-0.39,0.99,,-0.15,0.94,-0.16,0.86,-0.81,,1.0,-0.4,-0.08,,,-0.94,0.92,-0.97,-0.44,,-0.33,0.42,-0.99,-0.54,-1.0,-0.74,0.04,-0.94,,,0.8,-1.0,,1.0,1.0,,-1.0,-0.42,-0.77,1.0,,,-0.23,0.26,,,-0.46,-1.0,,-0.99,1.0,-0.88,,0.9,,1.0,,-1.0,0.63,,1.0,,1.0,-0.9,-1.0,0.92,-1.0,0.93,0.56,,1.0,-0.99,,1.0,,-1.0,-0.86,1.0,,-0.84,1.0,-1.0,1.0,,,0.55,-1.0,,-0.69,,0.95,,,,1.0,-0.96,-1.0,1.0,1.0,,,,,-0.99,-0.82,,0.36,,,,,-1.0,,,,1.0,,,1.0,,1.0,0.85,-0.29,,-1.0
34,elasticsearch,0.48,-0.06,-0.76,0.17,1.0,,0.74,0.21,,0.5,0.66,0.81,0.5,-0.23,,-0.28,-0.18,0.4,-0.37,,0.45,0.98,0.06,,-1.0,-0.32,0.61,,0.95,,-1.0,0.54,,-0.11,1.0,,0.57,0.42,0.77,,,-0.32,-0.06,,0.57,0.38,,0.53,0.01,0.13,0.33,-0.02,0.94,-0.03,0.44,-0.25,0.7,,0.76,-0.39,0.53,0.44,-1.0,0.37,0.79,0.62,0.59,-0.6,0.28,0.02,-0.02,,,0.81,0.14,,0.49,0.5,,-1.0,0.19,0.71,-0.14,1.0,1.0,-0.83,0.46,,-1.0,0.44,0.83,,0.07,-0.77,0.33,,0.64,,0.38,0.57,0.29,0.78,0.95,0.86,0.48,-0.6,0.51,0.79,0.68,-0.63,0.54,-0.67,,0.97,0.42,,0.17,,0.37,-0.02,-0.21,,0.77,0.71,-0.36,1.0,,-1.0,0.06,-0.26,,-0.07,1.0,0.66,,1.0,-0.84,1.0,0.68,-0.2,0.89,-0.08,,0.04,,1.0,0.53,0.63,,-0.08,,,,,-0.08,,-0.03,,0.98,0.9,-0.76,0.64,1.0,1.0,-0.4,0.51,1.0,0.86
35,elixir,,,,,,,,,,,,,,,,,,,,,,,,,,,,,,,,,,,,,,,,,,,,,,,,,,,,,,,,,,,,,,,,,,,,,,,,,,,,,,,,,,,,,,,,,,,,,,,,,,,,,,,,,,,,,,,,,,,,,,,,,,,,,,,,,,,,,,,,,,,,,,,,,,,,,,,,,,,,,,,,,,,,,,,,
36,excel,0.69,-0.44,-0.53,-0.1,-1.0,,0.52,0.91,,0.19,0.42,0.23,0.74,-0.94,,-0.26,0.86,0.32,-0.5,,0.7,-0.0,0.24,,-1.0,-0.13,0.23,,0.42,,-1.0,0.63,,-0.65,0.57,,1.0,-0.35,1.0,,,-0.49,0.3,,0.27,0.57,,0.68,-0.16,0.07,0.62,0.28,0.26,-0.59,0.67,-0.17,0.93,,0.64,0.12,0.93,0.79,-0.92,0.22,0.44,0.59,-0.1,-0.95,-0.04,-0.59,0.67,,,0.32,0.56,1.0,-0.25,0.53,,-1.0,0.37,0.81,-0.37,-1.0,1.0,-0.73,0.02,,-0.24,0.87,0.78,,0.76,0.2,0.59,,0.15,,-0.7,0.85,0.56,0.46,0.87,0.3,-0.98,-0.99,0.79,0.7,-0.22,0.01,0.53,-0.61,,-0.52,0.74,,-0.96,,0.71,0.06,-0.06,,0.74,0.57,-0.14,1.0,,0.65,0.19,-0.39,,0.86,-1.0,0.71,,-1.0,-1.0,0.85,0.83,-0.05,0.57,-0.37,,-0.75,,-1.0,0.78,0.01,,-0.57,,,,,-0.35,,-1.0,,-0.01,0.04,0.76,0.95,-0.28,-1.0,-0.12,0.6,-1.0,0.13
37,express,-0.59,0.66,-0.47,0.82,,,0.65,-0.81,,-0.4,-0.44,0.87,-0.53,-0.19,,-0.45,0.52,0.37,-0.16,,0.28,-0.47,0.98,,-1.0,-0.73,-0.05,,-0.08,,-1.0,-0.55,,0.85,0.42,,-0.35,1.0,-0.25,,,-0.5,-0.35,,-0.05,0.01,,-0.18,0.57,0.04,-0.07,-0.37,1.0,0.89,-0.36,-0.7,-0.7,,-0.54,-0.23,-0.41,-0.13,,-0.24,0.25,-0.65,-0.2,-1.0,-0.9,0.17,-0.46,,,0.7,-0.4,-1.0,0.78,0.62,,-1.0,-0.26,-0.32,0.58,1.0,1.0,-0.61,-0.04,,-1.0,-0.15,0.18,,-0.53,0.77,-0.38,,0.31,,1.0,-0.16,-0.9,0.11,0.05,1.0,,1.0,-0.58,-0.42,0.94,-0.61,-0.17,-0.41,,1.0,-0.7,,1.0,,-0.87,-0.64,0.33,,-0.38,0.14,-0.9,1.0,,0.65,0.81,-0.51,,-0.56,,-0.36,,1.0,-1.0,0.9,-0.55,-0.69,0.57,0.55,,-1.0,,,-0.44,-0.28,,0.3,,,,,-0.62,,-1.0,,-0.23,-1.0,-1.0,0.09,,1.0,0.58,-0.11,,-1.0
38,fastapi,-0.45,1.0,-0.57,-0.09,,,,1.0,,-0.56,-0.78,0.07,0.94,-0.91,,-0.16,1.0,0.32,-0.93,,1.0,,1.0,,,-0.58,0.68,,,,-1.0,0.12,,-0.72,0.77,,1.0,-0.25,1.0,,,1.0,-0.72,,-0.35,-0.63,,-0.58,-0.44,0.8,-0.28,0.99,,-0.67,-0.34,-0.63,,,0.91,-0.94,0.87,0.94,,-0.42,0.33,0.61,-0.19,-1.0,0.07,-0.72,0.92,,,-0.16,1.0,,1.0,-0.72,,-1.0,0.93,1.0,-1.0,,,-0.51,-0.85,,,0.94,1.0,,0.81,-1.0,0.3,,-0.36,,-1.0,,0.68,0.08,,1.0,,-1.0,0.95,0.78,-0.39,-1.0,-0.93,-0.98,,-1.0,0.83,,-1.0,,1.0,0.97,-0.66,,0.98,-1.0,1.0,1.0,,,0.18,0.68,,1.0,,-0.91,,,,1.0,0.89,-1.0,1.0,1.0,,,,,0.61,0.19,,-0.91,,,,,1.0,,,,-1.0,,,1.0,,-1.0,-0.98,-0.45,,1.0
39,firebase,,,,,,,,,,,,,,,,,,,,,,,,,,,,,,,,,,,,,,,,,,,,,,,,,,,,,,,,,,,,,,,,,,,,,,,,,,,,,,,,,,,,,,,,,,,,,,,,,,,,,,,,,,,,,,,,,,,,,,,,,,,,,,,,,,,,,,,,,,,,,,,,,,,,,,,,,,,,,,,,,,,,,,,,
40,firestore,,,,,,,,,,,,,,,,,,,,,,,,,,,,,,,,,,,,,,,,,,,,,,,,,,,,,,,,,,,,,,,,,,,,,,,,,,,,,,,,,,,,,,,,,,,,,,,,,,,,,,,,,,,,,,,,,,,,,,,,,,,,,,,,,,,,,,,,,,,,,,,,,,,,,,,,,,,,,,,,,,,,,,,,
41,flask,-0.3,0.99,0.21,-0.55,,,-1.0,-0.24,,-0.51,-0.34,-0.28,-0.01,0.56,,0.21,-0.53,-0.38,0.56,,-1.0,-1.0,0.94,,1.0,0.72,-0.57,,0.5,,,-0.5,,-1.0,-0.32,,-0.49,-0.5,1.0,,,1.0,-0.75,,-0.55,-0.33,,-0.53,0.43,0.18,-0.22,-0.66,0.78,-1.0,-0.77,0.64,-0.08,,-0.57,-0.7,-0.6,-0.72,,-0.22,-0.16,-0.26,0.23,,0.62,-0.12,-0.13,,,-0.75,-0.02,,1.0,-0.99,,,0.88,0.99,-1.0,,-1.0,0.75,-0.4,,,-0.43,-1.0,,-0.27,-0.83,-0.08,,0.34,,-1.0,-1.0,0.48,0.1,-1.0,1.0,1.0,-0.07,0.11,-0.29,0.34,0.73,-0.43,0.69,,0.48,-0.0,,0.24,,0.02,0.83,-0.13,,-0.56,-0.36,1.0,,,,-0.08,0.78,,-0.29,,-0.72,,,-0.27,-1.0,-0.19,0.9,0.53,0.87,,1.0,,,-0.26,0.06,,-0.14,,,,,0.86,,-0.24,,0.8,0.93,,0.38,,-1.0,-0.9,-0.92,1.0,1.0
42,flow,0.65,-0.96,0.95,-0.57,-1.0,,-0.88,0.54,,0.64,0.67,0.03,-0.1,0.9,,0.58,-0.42,0.39,0.81,,-0.47,-0.36,-0.55,,1.0,0.68,0.32,,-0.02,,1.0,0.76,,0.05,-0.06,,0.3,-0.35,-0.72,,,-0.75,1.0,,0.59,0.46,,0.73,-0.09,0.23,0.23,-0.21,-0.21,-0.03,0.79,0.63,-0.01,,0.57,0.52,0.58,0.56,1.0,0.75,0.34,0.53,0.32,0.91,0.06,0.29,-0.02,,,0.13,-0.13,1.0,-0.64,0.6,,1.0,-0.38,-0.67,1.0,-1.0,-1.0,0.19,0.42,,1.0,0.14,0.57,,0.44,0.56,0.42,,-0.22,,-0.31,0.96,0.3,0.11,0.64,-0.46,0.71,0.34,0.1,0.51,0.01,0.09,0.68,-0.28,,-0.26,0.25,,0.55,,0.21,-0.45,0.03,,0.4,0.5,-0.9,-1.0,,-0.73,-0.57,-0.46,,0.41,-1.0,0.67,,-1.0,0.61,-0.97,0.46,0.06,-0.58,-0.99,,-0.49,,-1.0,0.53,0.43,,0.2,,,,,-0.88,,0.23,,-0.23,0.37,0.15,-0.3,-1.0,-1.0,0.05,0.81,1.0,-0.52
43,flutter,,,,,,,,,,,,,,,,,,,,,,,,,,,,,,,,,,,,,,,,,,,,,,,,,,,,,,,,,,,,,,,,,,,,,,,,,,,,,,,,,,,,,,,,,,,,,,,,,,,,,,,,,,,,,,,,,,,,,,,,,,,,,,,,,,,,,,,,,,,,,,,,,,,,,,,,,,,,,,,,,,,,,,,,
44,gcp,0.48,-0.87,0.21,-0.67,1.0,,-0.13,0.22,,0.92,0.8,0.4,0.21,0.64,,0.51,-0.8,-0.11,0.75,,-0.62,0.9,-0.81,,-1.0,0.71,0.31,,0.53,,1.0,0.88,,-0.39,0.57,,0.27,-0.05,-0.35,,,-0.55,0.59,,1.0,-0.17,,0.65,-0.63,0.33,0.17,0.2,0.8,-0.46,0.77,0.75,0.47,,0.79,-0.01,0.72,0.09,0.25,0.59,0.8,0.87,0.77,0.83,0.63,0.49,-0.32,,,0.65,0.4,,-0.89,0.68,,1.0,-0.42,-0.19,0.71,-1.0,1.0,-0.09,0.75,,0.18,0.73,0.69,,-0.17,-0.97,0.61,,0.38,,0.41,0.97,0.43,0.4,0.75,0.27,0.32,-0.8,0.41,0.73,0.75,-0.43,0.58,-0.36,,0.92,0.17,,0.09,,0.46,-0.23,-0.31,,0.59,0.94,-0.96,-1.0,,0.81,-0.64,0.09,,-0.77,1.0,0.21,,-1.0,-0.41,0.08,0.7,-0.17,0.28,-0.86,,0.04,,1.0,0.34,0.77,,0.34,,,,,-0.26,,0.32,,0.94,0.96,-0.46,0.41,-0.31,-1.0,0.39,0.78,1.0,0.23
45,gdpr,0.79,-0.42,-0.35,0.55,,,0.51,0.41,,0.07,0.53,0.42,0.04,-0.04,,-0.51,0.52,0.81,0.48,,0.98,0.93,-0.25,,-1.0,0.28,0.51,,1.0,,-1.0,0.23,,0.99,0.38,,0.57,0.01,-0.63,,,-0.33,0.46,,-0.17,1.0,,0.44,0.61,-0.17,0.7,-0.77,0.91,1.0,0.69,0.32,0.45,,0.67,0.56,0.23,0.75,,0.32,0.78,0.44,0.41,-1.0,-0.22,-0.7,0.37,,,0.9,-0.07,1.0,-0.57,0.54,,-1.0,0.25,-0.44,0.79,-1.0,1.0,-0.63,0.29,,1.0,-0.03,0.4,,0.81,0.91,0.12,,0.98,,0.45,0.99,0.23,0.88,0.89,0.86,0.64,0.92,0.51,0.52,0.03,0.3,0.93,-0.34,,0.89,0.36,,0.98,,-0.18,-0.14,0.57,,0.26,0.99,-0.99,1.0,,-0.39,0.44,-0.75,,0.71,,0.78,,-1.0,-0.98,0.5,0.36,0.4,0.9,-0.16,,-0.24,,,0.87,-0.06,,-0.71,,,,,-0.76,,-0.97,,0.82,1.0,1.0,1.0,,1.0,-0.71,0.66,1.0,0.69
46,ggplot2,,,,,,,,,,,,,,,,,,,,,,,,,,,,,,,,,,,,,,,,,,,,,,,,,,,,,,,,,,,,,,,,,,,,,,,,,,,,,,,,,,,,,,,,,,,,,,,,,,,,,,,,,,,,,,,,,,,,,,,,,,,,,,,,,,,,,,,,,,,,,,,,,,,,,,,,,,,,,,,,,,,,,,,,
47,git,0.8,-0.76,0.15,-0.4,-1.0,,-0.14,0.72,,0.49,0.67,0.64,0.27,0.72,,0.19,0.12,-0.01,0.61,,-0.51,-0.37,0.13,,-1.0,0.1,0.11,,0.44,,1.0,0.82,,-0.15,0.53,,0.68,-0.18,-0.58,,,-0.53,0.73,,0.65,0.44,,1.0,-0.44,0.62,0.66,-0.94,0.53,-0.22,0.64,-0.01,0.37,,0.49,0.06,0.89,0.91,-0.08,0.84,0.9,0.57,0.49,-0.01,0.15,0.03,0.33,,,0.27,0.67,1.0,-0.94,0.62,,1.0,0.18,-0.37,0.64,-1.0,1.0,-0.5,0.16,,0.84,0.75,0.9,,0.77,0.97,0.84,,0.43,,-0.77,0.91,0.38,0.61,0.88,0.64,0.58,-0.43,0.47,0.78,0.36,-0.08,0.85,-0.74,,-0.01,0.52,,0.66,,0.33,-0.33,0.08,,0.63,0.95,-0.93,-1.0,,-0.04,-0.11,-0.46,,-0.0,-1.0,0.58,,-1.0,-0.45,-0.44,0.81,0.13,0.41,-0.78,,-0.47,,-1.0,0.86,0.48,,0.09,,,,,-0.84,,-0.56,,0.25,1.0,0.99,0.54,-0.46,-1.0,-0.21,0.9,1.0,0.68
48,github,0.56,0.35,-0.35,0.63,1.0,,0.27,-0.51,,-0.37,-0.06,-0.08,0.18,-0.42,,-0.33,-0.56,0.64,0.42,,0.71,1.0,-0.34,,-1.0,0.23,0.47,,0.85,,-1.0,-0.49,,0.94,0.01,,-0.16,0.57,-0.44,,,0.43,-0.09,,-0.63,0.61,,-0.44,1.0,-0.54,-0.16,0.01,0.82,0.96,-0.18,0.33,0.07,,-0.03,0.12,-0.66,-0.1,0.88,-0.15,0.62,0.42,0.74,0.24,-0.18,-0.3,-0.03,,,0.74,-0.77,,-0.19,0.09,,-1.0,-0.03,-0.43,1.0,-1.0,1.0,-0.2,0.3,,0.66,-0.76,-0.39,,-0.3,-0.83,-0.67,,0.71,,0.82,0.96,0.29,0.68,0.32,0.54,0.15,0.93,0.2,-0.14,-0.45,0.08,0.48,-0.0,,1.0,0.16,,0.4,,-0.71,0.33,0.1,,-0.16,0.56,-0.9,1.0,,-0.96,-0.24,-0.26,,0.91,1.0,0.46,,-1.0,-0.84,-0.16,-0.39,0.42,0.66,0.67,,0.7,,1.0,0.28,-0.36,,-0.39,,,,,0.3,,0.19,,0.94,0.99,-0.65,0.84,0.86,1.0,-0.66,0.03,1.0,0.6
49,gitlab,0.2,0.56,0.07,-0.14,1.0,,-0.81,0.21,,-0.01,0.34,0.65,-0.46,0.41,,0.55,-0.19,-0.39,0.38,,-0.83,-0.17,0.33,,1.0,-0.74,-0.42,,-0.04,,-1.0,0.53,,-0.16,0.13,,0.07,0.04,0.8,,,0.18,0.23,,0.33,-0.17,,0.62,-0.54,1.0,-0.05,-0.93,-0.32,-0.08,-0.1,-0.76,-1.0,,0.28,-0.2,0.52,0.6,-1.0,0.23,0.26,0.14,0.27,-0.61,-0.22,0.45,-0.1,,,-0.47,0.38,1.0,0.89,-0.75,,-1.0,0.48,0.0,-1.0,1.0,-1.0,-0.03,0.34,,-1.0,0.08,0.87,,0.33,0.29,0.45,,-0.25,,0.02,-1.0,0.28,0.15,0.46,0.74,0.59,-0.35,-0.3,0.08,0.6,0.03,0.38,-0.8,,-0.13,-0.14,,0.68,,-0.29,-0.2,0.12,,0.01,-0.2,1.0,1.0,,-0.75,0.38,0.08,,-0.25,-1.0,0.13,,1.0,0.8,-0.02,0.22,0.23,-0.12,0.08,,0.09,,-1.0,0.09,0.5,,0.6,,,,,-0.71,,0.59,,-0.21,0.11,-0.39,-0.5,-1.0,-1.0,0.0,-0.16,1.0,0.75
50,go,0.67,-0.47,-0.32,0.04,-1.0,,0.97,0.56,,0.08,0.2,0.39,0.31,0.38,,-0.67,0.68,0.0,0.28,,0.72,-0.15,0.33,,-1.0,0.06,-0.17,,0.48,,-1.0,0.27,,0.86,0.33,,0.62,-0.07,-0.28,,,-0.22,0.23,,0.17,0.7,,0.66,-0.16,-0.05,1.0,-0.78,0.48,0.9,0.37,0.0,0.82,,0.19,0.2,0.57,0.68,-0.22,0.43,0.68,0.06,-0.13,-0.9,0.07,-0.67,0.63,,,0.18,0.74,1.0,-0.68,0.25,,-1.0,0.4,-0.04,0.57,-1.0,1.0,-0.55,-0.43,,0.64,0.71,0.7,,0.8,0.67,0.7,,0.66,,-0.44,1.0,0.07,0.66,0.53,0.42,0.42,-0.26,0.75,0.57,0.03,0.22,0.6,-0.23,,-0.36,0.52,,0.75,,0.14,-0.04,0.4,,0.38,0.94,-0.9,1.0,,0.42,0.71,-0.53,,0.21,-1.0,0.34,,-1.0,-0.99,0.3,0.65,0.29,0.62,-0.17,,-0.45,,-1.0,0.84,-0.11,,-0.51,,,,,-0.82,,-0.98,,0.13,0.82,0.99,0.99,0.43,1.0,-0.31,0.47,1.0,0.42
51,golang,-0.71,1.0,-0.15,-0.22,,,,-0.1,,0.25,-0.02,-0.78,0.53,-0.58,,0.33,-0.03,-0.43,-0.69,,1.0,1.0,-0.66,,,0.41,0.46,,0.28,,-1.0,0.07,,-0.81,-0.02,,0.28,-0.37,0.99,,,-0.66,-0.21,,0.2,-0.77,,-0.94,0.01,-0.93,-0.78,1.0,-0.15,-0.76,0.48,0.48,,,0.6,0.29,-0.12,-0.72,1.0,-0.73,-0.94,0.39,-0.32,0.41,0.44,0.34,-0.29,,,0.59,-0.52,,1.0,0.56,,-1.0,-0.51,1.0,-1.0,,,0.03,0.22,,,-0.11,-0.31,,-0.66,-0.99,-0.81,,-0.33,,0.37,,0.34,-0.46,-1.0,-0.71,-0.82,-0.7,0.21,0.09,-0.42,0.97,-0.63,0.56,,0.05,0.36,,-0.82,,1.0,0.62,-0.46,,0.67,-1.0,1.0,1.0,,,-0.27,0.73,,0.42,1.0,0.15,,,-1.0,1.0,0.14,-0.23,-0.27,1.0,,-0.16,,1.0,-0.75,-0.33,,0.3,,,,,0.77,,0.03,,-0.02,-1.0,-1.0,-0.42,1.0,-1.0,0.77,-0.26,-1.0,-0.6
52,graphql,0.99,1.0,-0.52,0.14,-1.0,,1.0,-0.28,,0.79,0.78,0.91,0.87,1.0,,-0.77,-0.25,0.94,1.0,,1.0,0.7,-0.39,,-1.0,1.0,0.6,,0.94,,,0.49,,,0.94,,0.26,1.0,,,,0.78,-0.21,,0.8,0.91,,0.53,0.82,-0.32,0.48,-0.15,1.0,,0.63,0.91,,,0.91,-0.01,0.09,0.03,,0.68,0.93,0.61,0.94,1.0,0.93,-0.28,-0.08,,,0.82,0.1,,-1.0,-0.02,,,0.56,-1.0,,,1.0,-0.95,0.18,,,0.6,,,0.14,-0.2,0.37,,0.92,,0.43,,0.88,0.99,1.0,0.89,1.0,,0.97,1.0,1.0,0.94,0.97,-0.01,,0.95,0.67,,0.92,,-1.0,0.95,0.96,,0.88,1.0,,,,,-0.86,-0.13,,0.88,1.0,0.93,,,-0.82,1.0,0.92,0.97,0.94,1.0,,1.0,,1.0,0.73,0.84,,-0.52,,,,,0.81,,-0.32,,0.94,1.0,1.0,0.88,1.0,,-0.8,-0.37,1.0,1.0
53,groovy,-0.37,1.0,-0.23,0.8,,,,-1.0,,-0.24,0.06,0.7,-0.88,0.29,,-0.63,1.0,0.5,0.35,,1.0,,1.0,,,-0.22,-1.0,,,,-1.0,-0.82,,1.0,-0.03,,-0.59,0.89,-0.67,,,-1.0,-0.03,,-0.46,1.0,,-0.22,0.96,-0.08,0.9,-0.76,,1.0,-0.47,-0.16,,,-0.92,0.89,-0.94,-0.37,,-0.4,0.48,-1.0,-0.6,-1.0,-0.79,-0.04,-0.91,,,0.84,-1.0,,1.0,1.0,,-1.0,-0.35,-0.72,1.0,,,-0.31,0.18,,,-0.39,-1.0,,-0.98,1.0,-0.91,,0.93,,1.0,,-1.0,0.69,,1.0,,1.0,-0.86,-0.99,0.95,-1.0,0.89,0.49,,1.0,-0.97,,1.0,,-1.0,-0.82,1.0,,-0.8,1.0,-1.0,1.0,,,0.62,-1.0,,-0.63,,0.92,,,,1.0,-0.94,-1.0,1.0,1.0,,,,,-1.0,-0.86,,0.29,,,,,-1.0,,,,1.0,,,1.0,,1.0,0.81,-0.36,,-1.0
54,hadoop,0.56,-0.85,0.3,-0.48,-1.0,,0.4,0.72,,0.73,0.66,0.16,0.16,0.45,,0.12,0.06,0.74,0.32,,0.05,0.18,-0.55,,-1.0,0.61,0.4,,0.28,,1.0,0.7,,-0.4,0.44,,0.67,-0.36,-0.34,,,-0.77,0.79,,0.77,0.69,,0.64,-0.18,-0.1,0.37,0.48,0.63,-0.47,1.0,0.59,0.61,,0.86,0.58,0.85,0.5,-0.21,0.62,0.52,0.72,0.27,1.0,0.17,-0.13,0.04,,,0.47,0.16,1.0,-1.0,0.92,,1.0,-0.1,-0.08,0.66,-1.0,1.0,-0.2,0.51,,0.07,0.69,0.84,,0.48,0.14,0.52,,0.24,,-0.59,0.99,0.47,0.32,0.88,-0.62,-0.71,-0.99,0.56,0.67,0.39,0.08,0.65,-0.37,,-0.04,0.3,,-0.87,,0.46,-0.29,0.06,,0.48,0.75,-0.94,-1.0,,0.59,-0.41,-0.55,,0.55,-1.0,0.72,,-1.0,-0.98,0.33,0.6,-0.04,0.06,-0.76,,-0.64,,-1.0,0.57,0.61,,-0.43,,,,,-0.68,,-0.94,,0.3,0.34,0.16,0.48,-0.72,-1.0,0.25,0.92,1.0,-0.75
55,html,0.66,-0.97,0.52,-0.61,1.0,,1.0,0.23,,0.84,0.78,-0.87,0.12,0.9,,0.22,-0.45,0.23,0.87,,0.1,0.94,-0.87,,-1.0,0.99,0.55,,0.58,,1.0,0.64,,-0.08,-0.25,,-0.17,-0.7,-0.63,,,0.64,0.63,,0.75,0.32,,-0.01,0.33,-0.76,0.0,0.48,0.91,-0.16,0.59,1.0,1.0,,0.42,0.56,-0.15,-0.58,0.81,0.83,0.54,0.52,0.94,0.96,0.87,0.16,-0.3,,,0.18,-0.29,,-0.96,0.41,,1.0,-0.65,-0.39,1.0,-1.0,1.0,0.68,0.27,,0.88,0.16,-0.96,,-0.18,-0.66,-0.06,,0.19,,0.05,1.0,0.43,0.01,-0.3,-0.96,-1.0,-1.0,0.39,0.69,0.19,0.64,0.39,0.87,,0.8,0.19,,-0.74,,0.65,0.28,-0.12,,0.25,0.94,-1.0,-1.0,,0.04,-0.9,0.38,,0.1,1.0,0.68,,-1.0,-1.0,-0.48,0.38,0.83,-0.18,-0.73,,1.0,,1.0,0.27,0.41,,-0.13,,,,,0.99,,-0.1,,0.89,1.0,0.02,0.3,-0.2,-1.0,0.46,0.69,,-0.9
56,hugging face,0.8,-1.0,-1.0,-1.0,,,,0.99,,0.5,0.2,-0.26,0.98,,,-1.0,,0.35,,,,,,,,1.0,0.64,,,,,0.49,,,0.7,,0.93,-0.7,,,,-0.08,-0.01,,0.47,0.45,,0.37,0.07,-1.0,0.82,,,,0.61,1.0,1.0,,0.82,-1.0,0.76,0.44,,0.33,0.45,0.92,-1.0,,0.85,-1.0,1.0,,,0.29,0.98,,,-1.0,,,0.51,1.0,-1.0,,,-0.57,-0.79,,,0.92,-1.0,,0.86,-1.0,0.8,,1.0,,-1.0,1.0,1.0,0.69,1.0,,,,1.0,0.81,-1.0,-1.0,0.2,-0.15,,,1.0,,,,0.97,0.4,-0.71,,0.88,0.57,1.0,,,,-1.0,-0.06,,0.97,,0.46,,,,,0.93,-1.0,,-1.0,,,,,0.83,-1.0,,-1.0,,,,,1.0,,,,1.0,1.0,,,,,-1.0,0.39,,
57,ibm cloud,,,,,,,,,,,,,,,,,,,,,,,,,,,,,,,,,,,,,,,,,,,,,,,,,,,,,,,,,,,,,,,,,,,,,,,,,,,,,,,,,,,,,,,,,,,,,,,,,,,,,,,,,,,,,,,,,,,,,,,,,,,,,,,,,,,,,,,,,,,,,,,,,,,,,,,,,,,,,,,,,,,,,,,,
58,java,0.61,-0.7,0.02,-0.22,1.0,,-0.09,0.71,,0.64,0.77,0.26,0.14,-0.61,,0.33,-0.49,0.84,0.09,,-0.01,0.54,-0.53,,-1.0,0.4,0.48,,0.44,,1.0,0.74,,-0.94,0.76,,0.64,-0.54,0.91,,,-0.57,0.57,,0.79,0.67,,0.49,-0.03,0.28,0.19,0.6,0.91,-0.92,0.86,0.42,0.82,,1.0,0.53,0.81,0.39,-0.33,0.53,0.61,0.85,0.53,0.55,0.48,-0.01,-0.23,,,0.48,-0.12,1.0,-0.89,0.73,,1.0,0.19,0.62,0.05,-1.0,1.0,-0.11,0.65,,-0.32,0.56,0.67,,0.45,-0.69,0.36,,0.37,,0.0,0.94,0.78,0.39,0.74,0.29,-0.11,-0.93,0.61,0.64,0.7,0.32,0.64,-0.24,,0.68,0.27,,-0.44,,0.65,0.05,0.12,,0.43,0.76,-0.53,-1.0,,0.46,-0.47,-0.2,,0.68,1.0,0.76,,-1.0,-0.92,0.6,0.6,0.32,0.57,-0.63,,-0.22,,1.0,0.49,0.78,,-0.44,,,,,-0.15,,-0.04,,0.75,0.3,-0.23,0.9,-0.51,-1.0,0.18,0.59,1.0,0.16
59,javascript,0.46,-0.48,0.19,0.23,-1.0,,0.39,-0.0,,0.2,0.42,-0.34,-0.48,0.3,,-0.03,0.2,0.1,0.37,,0.54,0.72,-0.61,,-1.0,0.52,0.01,,0.43,,-1.0,0.19,,0.92,-0.39,,0.12,-0.23,-0.94,,,-0.7,0.52,,-0.01,0.56,,0.06,0.12,-0.2,0.2,0.29,-0.01,0.89,0.58,0.56,-1.0,,0.53,1.0,-0.05,0.07,0.76,-0.25,-0.34,0.04,-0.33,0.5,0.02,-0.04,-0.4,,,0.59,-0.33,1.0,-0.85,0.9,,-1.0,-0.23,-0.82,1.0,-1.0,1.0,0.16,0.25,,0.78,-0.01,-0.23,,0.26,0.01,-0.26,,0.28,,0.65,1.0,0.05,0.12,0.46,-0.79,-0.06,0.51,0.04,0.17,-0.04,0.95,0.61,0.85,,0.08,-0.18,,0.26,,-0.8,-0.05,0.76,,-0.07,0.03,-1.0,1.0,,0.03,0.02,-0.3,,0.31,1.0,0.54,,-1.0,-0.5,0.07,0.07,0.52,-0.07,0.02,,-0.26,,1.0,0.27,-0.25,,-0.13,,,,,-0.2,,-0.32,,-0.07,-0.26,0.15,0.27,0.64,1.0,0.37,0.34,-1.0,-0.71
60,jenkins,0.81,-0.65,-0.12,-0.55,-1.0,,-0.21,0.92,,0.49,0.58,0.4,0.65,0.16,,0.22,0.52,-0.18,-0.11,,-0.55,-0.27,0.25,,-1.0,-0.07,0.07,,0.24,,1.0,0.85,,-0.97,0.53,,0.93,-0.41,0.87,,,-0.6,0.58,,0.72,0.23,,0.89,-0.66,0.52,0.57,-0.12,0.09,-0.94,0.85,-0.15,0.76,,0.81,-0.05,1.0,0.92,-1.0,0.57,0.6,0.69,0.14,-0.34,0.19,0.01,0.45,,,0.2,0.75,1.0,-0.95,0.62,,1.0,0.27,0.85,-0.0,-1.0,1.0,-0.57,0.18,,1.0,0.85,0.85,,0.8,0.43,0.78,,-0.1,,-0.97,0.84,0.58,0.41,0.86,0.31,-0.14,-0.96,0.65,0.75,0.42,-0.05,0.66,-0.78,,-0.57,0.77,,-0.55,,0.72,-0.12,-0.13,,0.8,0.69,-0.49,-1.0,,-0.93,-0.08,-0.23,,0.02,-1.0,0.55,,-1.0,-0.46,-0.69,0.88,-0.03,0.17,-0.7,,-0.77,,-1.0,0.83,0.58,,0.07,,,,,-0.61,,-0.68,,-0.13,0.15,0.91,0.55,-1.0,-1.0,0.21,0.77,1.0,0.17
61,jira,0.8,-0.5,-0.24,0.05,-1.0,,-0.09,0.8,,0.01,0.44,0.66,0.38,-0.26,,-0.11,0.67,0.18,0.12,,0.67,-0.29,0.5,,-1.0,-0.5,0.04,,0.21,,-1.0,0.66,,-0.44,0.44,,0.79,-0.13,0.94,,,-0.72,0.56,,0.09,0.75,,0.91,-0.1,0.6,0.68,-0.72,0.03,-0.37,0.5,-0.58,0.44,,0.39,0.07,0.92,1.0,-0.37,0.61,0.78,0.44,0.06,-0.66,-0.44,-0.41,0.71,,,0.16,0.64,1.0,0.32,0.58,,-1.0,0.31,0.86,0.31,1.0,1.0,-0.7,-0.06,,0.03,0.66,0.85,,0.85,0.96,0.76,,0.14,,-0.78,0.75,0.31,0.48,0.79,0.39,0.16,0.21,0.5,0.6,-0.31,-0.06,0.71,-0.8,,-0.68,0.57,,0.31,,0.37,-0.29,0.11,,0.59,0.81,-0.73,1.0,,-0.29,0.29,-0.7,,0.81,-1.0,0.73,,1.0,-0.64,0.17,0.72,-0.0,0.28,-0.55,,-0.71,,-1.0,0.81,-0.1,,-0.2,,,,,-0.93,,-0.76,,-0.31,0.91,0.77,0.65,-0.02,-1.0,-0.57,0.73,1.0,0.4
62,jquery,1.0,,0.97,-1.0,,,,,,0.36,0.53,,0.57,,,1.0,-1.0,-0.49,,,1.0,,-0.6,,,0.84,0.57,,-1.0,,,0.84,,,-1.0,,-0.92,,,,,,1.0,,0.25,,,-0.08,0.88,-1.0,-0.22,1.0,,,-0.21,0.81,,,-0.33,0.76,-1.0,-0.37,1.0,,,1.0,1.0,1.0,1.0,0.68,-0.31,,,0.1,-1.0,,,1.0,,,-0.88,,,,,0.87,-0.01,,1.0,-1.0,-1.0,,-0.32,,-1.0,,1.0,,,,1.0,-0.92,-1.0,-1.0,,,,0.72,-0.43,1.0,0.99,0.94,,,0.56,,,,,0.98,-0.65,,1.0,,,,,-1.0,-1.0,1.0,,1.0,,0.77,,,,-1.0,0.9,1.0,-1.0,,,1.0,,,0.39,-0.28,,0.99,,,,,,,,,,,-0.09,,1.0,,0.27,1.0,,-1.0
63,julia,0.73,-0.95,0.54,-0.51,,,-0.7,0.63,,0.77,0.89,0.4,0.15,0.73,,0.52,-0.67,0.32,0.77,,-0.4,-1.0,-0.28,,1.0,0.84,0.66,,0.37,,1.0,0.74,,-0.33,0.37,,0.22,-0.24,-0.42,,,-0.22,0.75,,0.59,0.32,,0.84,-0.15,0.23,0.43,-0.73,0.68,-0.4,0.62,0.83,0.33,,0.53,-0.25,0.57,0.61,,1.0,0.8,0.68,0.86,1.0,0.37,0.11,0.26,,,0.11,0.64,,-0.65,0.32,,1.0,-0.09,-0.33,0.93,-1.0,-1.0,0.04,0.4,,1.0,0.35,0.74,,0.63,-1.0,0.77,,0.24,,-0.73,1.0,0.24,0.42,0.78,0.39,0.94,-0.01,0.28,0.71,0.53,-0.49,0.7,-0.47,,0.69,0.36,,0.48,,0.5,-0.39,-0.36,,0.43,0.94,-0.99,-1.0,,1.0,-0.6,-0.35,,-0.12,,0.59,,-1.0,-0.13,-0.97,0.59,0.05,0.12,-0.99,,-0.17,,,0.66,0.88,,-0.0,,,,,-0.61,,-0.09,,0.78,1.0,1.0,0.19,,-1.0,-0.51,0.91,1.0,0.48
64,jupyter,0.73,-0.63,-0.19,0.09,,,1.0,0.57,,0.63,0.89,0.77,0.24,0.31,,-0.8,-0.18,0.97,0.44,,0.88,1.0,0.34,,-1.0,0.53,0.74,,0.74,,-1.0,0.63,,0.42,0.79,,0.44,0.25,0.33,,,-0.16,0.34,,0.8,0.78,,0.9,0.62,0.26,0.68,-0.94,0.93,0.48,0.52,0.54,0.45,,0.61,-0.34,0.6,0.78,,0.8,1.0,0.54,0.87,-1.0,0.12,-0.37,0.45,,,0.71,0.69,,-0.78,0.35,,-1.0,0.32,0.1,0.49,-1.0,1.0,-0.66,0.28,,1.0,0.7,0.99,,0.77,0.38,0.9,,0.73,,-0.3,0.87,0.04,0.85,0.99,0.95,1.0,0.51,0.44,0.84,0.84,-0.66,0.83,-0.66,,0.89,0.37,,0.75,,0.3,-0.3,-0.1,,0.5,0.93,-0.85,1.0,,1.0,0.01,-0.66,,0.49,,0.78,,-1.0,-0.55,0.23,0.72,0.05,0.76,-0.62,,0.05,,,0.8,0.85,,-0.46,,,,,-0.63,,-0.51,,0.97,1.0,1.0,0.64,,1.0,-0.99,0.94,1.0,0.94
65,kafka,0.82,-0.8,0.07,-0.55,1.0,,-0.7,0.61,,0.75,0.85,0.12,0.68,-0.12,,0.61,-0.93,0.65,0.07,,-0.75,0.57,-0.67,,1.0,0.49,0.9,,0.6,,1.0,0.91,,-0.99,0.62,,0.59,-0.65,0.61,,,-0.26,0.53,,0.87,0.44,,0.57,0.42,0.14,0.06,0.39,0.61,-1.0,0.72,0.52,0.92,,0.85,0.04,0.69,0.44,1.0,0.68,0.54,1.0,0.68,0.94,0.6,0.31,-0.09,,,0.41,-0.4,1.0,-0.33,0.46,,1.0,-0.0,0.67,-0.3,-1.0,-1.0,-0.11,0.69,,1.0,0.22,0.6,,0.28,-0.76,0.27,,-0.01,,-0.08,0.89,0.85,0.39,0.76,0.37,-0.04,-0.71,0.63,0.84,0.39,-0.1,0.54,-0.43,,0.56,0.7,,-0.4,,0.9,0.21,-0.45,,0.88,0.66,-0.21,-1.0,,-0.94,-0.7,0.01,,0.85,1.0,0.82,,-1.0,0.13,-0.99,0.8,0.12,0.12,-0.92,,0.04,,1.0,0.58,0.78,,0.05,,,,,0.03,,0.53,,0.64,0.2,-0.68,-0.04,1.0,-1.0,-0.21,0.63,1.0,0.19
66,keras,0.7,-0.95,0.12,-0.23,,,,0.36,,0.74,0.87,0.57,0.17,0.5,,0.88,-0.88,0.8,0.59,,-1.0,1.0,-0.39,,,0.92,0.69,,0.71,,1.0,0.69,,-0.54,0.59,,-0.1,-0.2,-0.19,,,0.23,0.32,,0.77,0.41,,0.49,0.74,0.27,-0.13,-0.32,0.94,-0.6,0.27,0.94,-1.0,,0.53,-0.33,0.14,0.06,1.0,0.86,0.87,0.68,1.0,0.96,0.58,0.6,-0.38,,,0.49,-0.61,,-1.0,0.16,,1.0,-0.0,-0.12,0.82,,,0.04,0.78,,,0.22,0.51,,-0.25,-0.88,0.33,,0.52,,0.03,1.0,0.53,0.69,0.64,0.68,0.77,0.3,0.15,0.81,0.88,-0.53,0.6,-0.32,,0.79,0.26,,0.41,,0.57,0.04,-0.54,,0.4,0.71,-1.0,-1.0,,,-0.56,-0.03,,-0.04,1.0,0.6,,,1.0,-1.0,0.68,0.27,0.47,-0.99,,0.63,,1.0,0.64,0.96,,0.29,,,,,-0.01,,0.86,,0.89,1.0,-1.0,0.15,1.0,-1.0,-0.77,0.77,1.0,0.68
67,kotlin,1.0,-1.0,0.84,-0.86,,,,-1.0,,0.9,0.79,-1.0,0.2,1.0,,0.97,-0.95,0.04,1.0,,-1.0,1.0,-0.83,,,0.99,0.6,,1.0,,1.0,0.99,,-1.0,-0.6,,-0.95,-1.0,-1.0,,,,0.91,,0.83,-1.0,,-0.01,0.24,-0.61,-0.9,0.41,1.0,-1.0,1.0,0.96,,,0.55,0.5,-0.34,-0.66,1.0,1.0,-1.0,0.94,0.96,1.0,0.86,0.9,-0.47,,,-0.13,-1.0,,-1.0,0.19,,1.0,-0.9,-1.0,,,,0.96,0.63,,,-0.95,-1.0,,-0.46,-1.0,-0.15,,-0.37,,1.0,,1.0,-0.65,-1.0,-1.0,,,-1.0,0.63,0.08,0.61,0.44,0.84,,1.0,0.46,,1.0,,,0.32,-0.73,,0.31,,,-1.0,,,-1.0,0.93,,-1.0,1.0,0.5,,,,-1.0,0.89,0.94,-0.73,-1.0,,1.0,,1.0,-0.16,0.98,,0.93,,,,,1.0,,1.0,,1.0,,-1.0,-1.0,1.0,,0.55,0.81,,-1.0
68,kubernetes,0.52,-0.6,0.09,-0.64,1.0,,0.54,0.23,,0.73,0.61,-0.21,0.47,0.6,,0.3,-0.6,-0.18,0.34,,-0.19,1.0,-0.81,,-1.0,0.84,0.44,,0.91,,1.0,0.53,,-0.74,0.28,,-0.04,-0.9,0.07,,,0.62,0.06,,0.63,-0.22,,0.15,-0.18,-0.22,0.07,0.44,0.93,-0.79,0.17,0.87,0.85,,0.48,0.02,0.19,-0.44,1.0,0.37,0.12,0.6,0.58,0.86,1.0,0.25,-0.27,,,0.17,0.09,,-0.99,-0.2,,1.0,-0.08,0.15,-0.42,-1.0,1.0,0.4,0.27,,1.0,0.4,-0.08,,-0.24,-0.73,0.26,,0.35,,0.02,0.38,0.77,0.28,-0.03,0.1,0.16,-0.89,0.68,0.63,0.58,0.43,0.1,0.39,,0.78,0.49,,-0.24,,0.7,0.66,-0.36,,0.5,0.2,0.81,-1.0,,1.0,-0.78,0.56,,-0.47,1.0,0.11,,-1.0,-0.74,-0.55,0.62,0.63,0.3,-0.3,,0.71,,1.0,0.27,0.6,,0.08,,,,,0.7,,0.03,,0.86,0.55,-0.13,0.56,1.0,-1.0,0.07,0.03,1.0,0.03
69,linux,-0.44,0.17,0.42,-0.37,1.0,,-0.82,-0.56,,0.47,0.48,0.06,-0.32,0.87,,0.91,-0.83,-0.26,0.8,,-0.91,0.32,-0.53,,1.0,0.09,0.29,,-0.24,,1.0,0.49,,0.04,0.02,,-0.59,0.17,-0.72,,,-0.12,0.29,,0.49,-0.7,,0.03,-0.3,0.45,-0.67,0.34,-0.28,-0.04,-0.13,0.16,-1.0,,-0.01,-0.04,0.01,-0.41,0.68,0.11,-0.37,0.31,0.6,0.9,0.25,1.0,-0.73,,,0.12,-0.31,,0.52,0.43,,1.0,-0.64,-0.36,0.91,1.0,-1.0,0.41,0.71,,-0.2,-0.11,0.32,,-0.82,-0.64,-0.14,,-0.44,,0.6,-0.99,0.38,-0.4,-0.17,-0.19,0.36,-0.75,-0.88,0.02,0.55,-0.3,-0.15,0.01,,0.94,-0.42,,0.03,,-0.27,-0.18,-0.29,,0.12,-0.64,-0.59,-1.0,,-0.8,-0.83,0.38,,-0.71,1.0,-0.05,,1.0,1.0,-0.61,-0.07,-0.25,-0.53,-0.18,,0.21,,1.0,-0.59,0.63,,0.9,,,,,-0.08,,1.0,,0.06,-0.52,-0.92,-0.99,-0.09,-1.0,0.44,-0.02,1.0,-0.22
70,looker,0.72,-0.73,-0.15,-0.09,-1.0,,0.49,0.88,,-0.44,-0.43,-0.05,0.55,-0.68,,-0.52,0.74,-0.08,-0.62,,0.8,-0.8,0.77,,-1.0,-0.21,-0.32,,-0.21,,1.0,-0.05,,-0.94,-0.02,,0.67,-0.46,0.92,,,-0.13,-0.02,,-0.32,0.37,,0.33,-0.03,-0.1,0.63,-0.29,-0.08,-0.91,0.04,-0.3,1.0,,-0.23,-0.4,0.45,0.71,-0.31,0.26,0.45,-0.09,-0.38,-0.47,-0.27,-0.73,1.0,,,-0.37,0.64,,-0.91,-0.15,,1.0,0.49,0.77,-0.72,-1.0,1.0,-0.38,-0.77,,0.87,0.36,0.15,,0.91,0.73,0.51,,-0.06,,-0.94,0.97,-0.02,0.11,0.26,0.06,-0.56,-0.27,0.91,0.1,-0.57,-0.14,0.03,-0.34,,-0.88,0.68,,-0.34,,0.88,0.04,-0.2,,0.19,0.53,0.29,-1.0,,0.06,0.32,-0.3,,0.65,-1.0,0.08,,-1.0,-0.82,-0.11,0.33,-0.1,0.1,-0.62,,-0.56,,-1.0,0.62,-0.39,,-0.5,,,,,-0.25,,-0.78,,-0.37,0.18,0.91,0.85,-0.17,-1.0,-0.35,0.26,1.0,-0.01
71,macos,,,,,,,,,,,,,,,,,,,,,,,,,,,,,,,,,,,,,,,,,,,,,,,,,,,,,,,,,,,,,,,,,,,,,,,,,,,,,,,,,,,,,,,,,,,,,,,,,,,,,,,,,,,,,,,,,,,,,,,,,,,,,,,,,,,,,,,,,,,,,,,,,,,,,,,,,,,,,,,,,,,,,,,,
72,mariadb,,,,,,,,,,,,,,,,,,,,,,,,,,,,,,,,,,,,,,,,,,,,,,,,,,,,,,,,,,,,,,,,,,,,,,,,,,,,,,,,,,,,,,,,,,,,,,,,,,,,,,,,,,,,,,,,,,,,,,,,,,,,,,,,,,,,,,,,,,,,,,,,,,,,,,,,,,,,,,,,,,,,,,,,
73,matlab,0.43,-0.03,-0.55,0.57,1.0,,1.0,-0.25,,0.53,0.7,0.8,0.13,-0.28,,-0.29,-0.08,0.57,-0.22,,0.9,0.98,-0.46,,-1.0,0.08,0.71,,0.92,,-1.0,0.36,,0.8,0.81,,0.32,0.7,-0.16,,,-0.75,0.13,,0.65,0.9,,0.27,0.74,-0.47,0.18,0.59,0.82,0.84,0.47,0.18,0.29,,0.48,0.59,0.2,0.16,0.1,0.11,0.71,0.41,0.49,-0.13,0.17,0.12,-0.37,,,1.0,-0.34,,0.03,0.78,,-1.0,-0.44,-0.19,0.48,1.0,1.0,-0.6,0.49,,-0.51,0.3,0.82,,-0.21,-0.62,-0.24,,0.72,,0.8,0.78,-0.12,0.79,0.87,0.13,-1.0,1.0,0.2,0.66,0.37,-0.27,0.65,-0.33,,0.94,0.01,,0.15,,-0.34,-0.24,0.22,,0.57,0.88,-0.85,1.0,,1.0,0.06,-0.44,,0.46,1.0,0.76,,1.0,-1.0,0.71,0.4,-0.39,0.69,0.12,,-0.5,,1.0,0.3,0.18,,-0.03,,,,,-0.2,,0.06,,0.84,1.0,-0.72,0.82,0.64,1.0,0.65,0.43,,-0.47
74,matplotlib,0.86,-0.91,-0.31,-0.49,-1.0,,-1.0,0.75,,0.12,-0.06,0.32,0.24,0.39,,-0.24,0.91,-0.52,-0.59,,-0.62,-1.0,0.72,,,-0.2,-0.54,,0.0,,,0.37,,-1.0,0.14,,0.56,-0.4,1.0,,,-0.02,-0.13,,0.4,-0.07,,0.67,-0.77,0.38,0.74,-0.52,0.1,-1.0,0.16,-0.29,0.98,,-0.12,-0.33,0.75,0.64,-1.0,0.64,0.69,-0.4,-0.61,-1.0,0.09,-0.31,0.64,,,-0.34,1.0,,-1.0,-0.27,,,0.61,0.56,-0.54,-1.0,,-0.42,-0.85,,1.0,0.87,0.38,,0.97,0.86,0.93,,0.3,,-0.93,1.0,-0.61,0.29,0.16,0.11,0.03,-0.88,0.95,0.33,0.38,0.12,0.17,-0.18,,-0.87,0.43,,0.19,,0.89,-0.05,0.35,,0.26,0.78,0.05,,,1.0,0.97,-0.07,,-0.56,,-0.26,,-1.0,-1.0,-1.0,0.62,0.11,0.37,-0.99,,-0.35,,,0.61,0.25,,-0.12,,,,,-0.27,,-0.98,,-0.26,0.61,0.94,1.0,,,0.12,0.15,,0.15
75,microstrategy,1.0,,,-1.0,,,,,,1.0,1.0,,,,,1.0,,,1.0,,,,-1.0,,,,,,,,,1.0,,,,,1.0,-1.0,,,,,1.0,,,1.0,,1.0,,1.0,1.0,,,,1.0,,,,1.0,1.0,1.0,1.0,,,,1.0,,,,,,,,,,1.0,,,,,-1.0,,,,,,1.0,,,,1.0,,1.0,,1.0,,,,,,1.0,1.0,1.0,,,,1.0,1.0,,1.0,1.0,,,,1.0,,,,,1.0,1.0,,1.0,,,,,-1.0,,1.0,,1.0,,1.0,,,,,1.0,1.0,,,,,,,1.0,,,,,,,,,,,,,,,,,,,1.0,,
76,mongo,-0.98,0.87,-0.42,0.54,,,-1.0,-1.0,,-0.89,-0.81,0.84,-0.85,-1.0,,0.26,-0.13,-0.08,-1.0,,-0.38,-1.0,0.91,,1.0,-0.95,-0.73,,-1.0,,-1.0,-0.37,,1.0,0.49,,-0.25,0.78,1.0,,,1.0,-0.64,,-0.89,-0.57,,-0.94,-0.19,0.89,-0.68,1.0,-1.0,1.0,-1.0,-0.96,,,-0.89,-0.85,-0.95,0.32,,-0.65,-0.78,-0.33,-1.0,-1.0,-0.99,0.52,-0.91,,,0.03,-1.0,,1.0,1.0,,-1.0,0.59,0.96,,1.0,-1.0,-0.44,0.72,,-1.0,-0.72,,,-0.89,-1.0,-0.97,,-0.42,,-1.0,-1.0,-1.0,-0.24,-1.0,1.0,,,-0.83,-0.91,1.0,-0.88,-0.83,-1.0,,,-1.0,,,,1.0,-0.7,-0.21,,-0.63,-1.0,,1.0,,-1.0,1.0,0.15,,-0.55,,-0.85,,1.0,1.0,0.43,-0.9,-0.98,-0.07,0.52,,,,,-0.89,-1.0,,0.67,,,,,,,1.0,,-1.0,,-1.0,-0.55,,,0.51,-0.86,,
77,mongodb,0.6,-0.4,-0.13,0.37,,,,0.01,,0.57,0.54,0.41,0.12,0.05,,-0.14,-0.01,0.62,-0.01,,1.0,1.0,-0.61,,,0.31,0.58,,0.4,,-1.0,0.64,,1.0,0.5,,0.53,0.62,-0.72,,,-0.99,0.6,,0.68,0.54,,0.62,0.09,-0.75,0.25,0.56,-0.02,1.0,0.92,0.41,-1.0,,0.73,0.9,0.62,0.58,1.0,0.32,0.35,0.46,0.16,0.19,-0.2,0.43,-0.15,,,0.78,-0.27,,1.0,1.0,,-1.0,-0.66,-0.77,0.62,,,-0.56,0.61,,,0.61,0.92,,0.01,-0.53,0.01,,0.28,,1.0,1.0,-0.19,0.17,0.97,-0.55,-0.66,0.37,-0.23,0.61,0.08,-0.84,0.63,-0.64,,0.3,0.07,,0.01,,-0.08,-0.72,-0.06,,0.7,0.65,-0.92,1.0,,,-0.09,-0.71,,0.44,1.0,0.87,,,-1.0,1.0,0.49,-0.86,-0.05,-0.54,,-0.67,,1.0,0.61,0.24,,0.51,,,,,-0.7,,0.16,,0.09,-1.0,-1.0,-0.18,1.0,1.0,0.64,0.88,-1.0,-0.73
78,ms access,,,,,,,,,,,,,,,,,,,,,,,,,,,,,,,,,,,,,,,,,,,,,,,,,,,,,,,,,,,,,,,,,,,,,,,,,,,,,,,,,,,,,,,,,,,,,,,,,,,,,,,,,,,,,,,,,,,,,,,,,,,,,,,,,,,,,,,,,,,,,,,,,,,,,,,,,,,,,,,,,,,,,,,,
79,mxnet,1.0,-1.0,1.0,-1.0,,,,,,1.0,1.0,-1.0,1.0,1.0,,1.0,-1.0,-1.0,1.0,,-1.0,,-1.0,,,1.0,1.0,,,,1.0,1.0,,-1.0,-1.0,,-1.0,-1.0,-1.0,,,,1.0,,1.0,-1.0,,1.0,-1.0,-1.0,-1.0,-1.0,,-1.0,1.0,1.0,,,1.0,-1.0,1.0,-1.0,,1.0,-1.0,1.0,1.0,1.0,1.0,1.0,1.0,,,-1.0,,,-1.0,-1.0,,1.0,-1.0,-1.0,,,,1.0,1.0,,,-1.0,,,1.0,,1.0,,-1.0,,,,1.0,-1.0,,-1.0,,,-1.0,1.0,-1.0,1.0,-1.0,1.0,,,1.0,,,,,-1.0,-1.0,,-1.0,,,-1.0,,,-1.0,1.0,,-1.0,,-1.0,,,,-1.0,1.0,1.0,-1.0,-1.0,,,,,1.0,1.0,,1.0,,,,,,,,,,,,-1.0,,,1.0,1.0,,
80,mysql,0.25,0.87,-0.58,0.18,-1.0,,0.33,0.57,,-0.38,-0.0,0.32,0.21,-0.5,,-0.36,0.43,0.0,-0.23,,0.34,-0.29,0.55,,-1.0,-0.59,-0.42,,0.49,,-1.0,0.03,,-0.42,0.19,,0.37,-0.26,0.93,,,0.88,-0.38,,-0.42,0.25,,0.18,-0.03,0.48,0.4,-0.51,0.56,-0.35,-0.1,-0.65,0.51,,0.19,-0.23,0.27,0.31,-0.88,-0.09,0.32,-0.0,-0.0,-0.9,-0.08,-0.64,0.49,,,-0.44,0.61,-1.0,0.59,-0.66,,-1.0,1.0,0.89,-0.98,1.0,1.0,-0.26,-0.26,,-0.88,0.27,-0.05,,0.54,0.68,0.51,,0.37,,-0.89,-0.63,0.36,0.47,-0.13,0.81,0.93,-0.05,0.54,0.13,0.13,0.33,0.15,-0.08,,-0.12,0.32,,0.28,,0.34,0.48,0.14,,-0.04,0.11,0.77,1.0,,0.72,0.49,0.09,,0.4,-1.0,0.08,,1.0,-0.67,0.99,0.32,0.54,0.66,0.91,,0.39,,-1.0,0.35,-0.01,,-0.55,,,,,0.54,,-0.74,,0.28,0.81,0.53,0.59,-0.33,-1.0,-0.68,-0.33,1.0,0.78
81,neo4j,-0.06,0.97,-0.51,-0.17,,,-1.0,0.99,,-0.4,-0.7,-0.05,0.85,-0.87,,-0.11,0.14,0.24,-0.9,,-0.12,-1.0,0.99,,1.0,-0.36,0.7,,-1.0,,-1.0,0.2,,-0.77,0.71,,0.81,-0.32,1.0,,,0.99,-0.67,,-0.19,-0.44,,-0.37,-0.43,0.0,-0.04,1.0,-1.0,-0.72,-0.08,-0.39,1.0,,0.62,-0.82,0.85,0.86,,-0.33,0.1,0.67,-0.12,-1.0,0.15,-0.36,0.77,,,-0.19,0.56,,0.96,-0.77,,-1.0,0.89,1.0,-1.0,1.0,-1.0,-0.44,-0.27,,-1.0,0.33,1.0,,0.27,-0.74,0.31,,-0.25,,-1.0,-1.0,0.73,0.05,-1.0,1.0,,-1.0,0.58,0.32,-0.46,-0.72,-0.81,-0.68,,-1.0,0.7,,-1.0,,0.99,0.8,-0.69,,0.82,-0.15,1.0,1.0,,-1.0,0.1,0.72,,0.69,,0.05,,1.0,1.0,0.65,0.53,-0.9,0.2,0.72,,,,,0.16,0.26,,-0.36,,,,,1.0,,1.0,,0.29,1.0,-1.0,-0.31,,-1.0,-0.87,-0.31,,1.0
82,nltk,0.81,,1.0,-1.0,,,,-1.0,,0.98,0.87,0.36,-0.88,1.0,,1.0,,0.45,1.0,,,,,,,1.0,0.24,,,,,0.55,,1.0,-0.14,,-0.37,0.58,-1.0,,,-1.0,1.0,,0.71,0.79,,0.64,1.0,-1.0,0.57,-1.0,,1.0,0.66,1.0,-1.0,,0.05,1.0,-0.0,0.31,,0.93,0.49,-0.3,0.82,,-0.42,0.91,-0.72,,,0.48,-0.54,,,0.62,,,-0.98,-1.0,1.0,,,0.07,0.73,,,-0.11,0.33,,0.24,,0.38,,1.0,,,,-0.99,0.27,,,,,-0.93,0.27,0.64,,0.89,-0.12,,,-0.89,,,,-1.0,-0.85,0.95,,-0.2,0.67,-0.87,,,,-0.31,-0.72,,-0.5,,0.5,,,,,-0.25,,,,,,,,0.41,0.48,,0.93,,,,,-1.0,,,,,,,,,,1.0,0.69,,-1.0
83,no-sql,-1.0,1.0,-1.0,1.0,,,,,,-1.0,-1.0,1.0,-1.0,,,1.0,-1.0,-1.0,,,-1.0,,1.0,,,-1.0,-1.0,,,,,-1.0,,,1.0,,-1.0,1.0,,,,,-1.0,,-1.0,-1.0,,-1.0,-1.0,1.0,-1.0,,,,-1.0,-1.0,,,-1.0,-1.0,-1.0,1.0,,-1.0,-1.0,-1.0,,,-1.0,1.0,-1.0,,,1.0,-1.0,,1.0,,,,1.0,1.0,,1.0,,-1.0,1.0,,-1.0,-1.0,,,-1.0,,-1.0,,-1.0,,,-1.0,,-1.0,-1.0,,,,-1.0,-1.0,,-1.0,-1.0,-1.0,,,-1.0,,,,,-1.0,-1.0,,-1.0,-1.0,,,,-1.0,,1.0,,-1.0,,-1.0,,1.0,,1.0,-1.0,-1.0,-1.0,1.0,,,,,-1.0,,,1.0,,,,,,,,,,,-1.0,-1.0,,,1.0,-1.0,,
84,node,1.0,1.0,-1.0,1.0,,,1.0,1.0,,1.0,-1.0,1.0,1.0,,,-1.0,1.0,1.0,,,1.0,1.0,-1.0,,-1.0,1.0,-1.0,,1.0,,,-1.0,,,1.0,,1.0,1.0,,,,-1.0,-1.0,,1.0,1.0,,1.0,1.0,-1.0,1.0,,1.0,,1.0,1.0,,,1.0,1.0,1.0,1.0,,-1.0,1.0,-1.0,,,1.0,-1.0,1.0,,,1.0,,,-1.0,,,,1.0,-1.0,,,1.0,-1.0,-1.0,,,1.0,,,1.0,1.0,1.0,,1.0,,1.0,,,1.0,,,,,1.0,1.0,,1.0,1.0,1.0,,,1.0,,,,-1.0,1.0,1.0,,1.0,,,,,,,-1.0,,1.0,,1.0,,,-1.0,1.0,1.0,1.0,1.0,1.0,,,,,1.0,,,-1.0,,,,,,,-1.0,,1.0,,,1.0,,,-1.0,-1.0,,
85,node.js,-0.36,-0.14,0.95,-0.77,1.0,,-1.0,-0.23,,0.15,-0.07,-0.82,-0.38,0.82,,0.76,-0.74,-0.28,0.79,,-0.67,-0.44,-0.64,,1.0,0.7,-0.2,,-0.69,,1.0,-0.14,,-0.23,-0.83,,-0.73,-0.61,-0.51,,,0.75,0.19,,-0.09,-0.63,,-0.5,-0.2,-0.03,-0.55,0.03,-0.95,-0.31,-0.2,0.68,-0.57,,-0.11,0.16,-0.57,-0.7,0.87,0.04,-0.66,-0.11,0.04,0.96,0.4,0.41,-0.38,,,-0.6,-0.42,,-0.44,-0.56,,1.0,-0.26,-0.44,0.07,-1.0,-1.0,1.0,0.13,,1.0,-0.58,-0.88,,-0.41,-0.15,-0.28,,-0.51,,-0.16,-0.51,0.29,-0.8,-0.84,-0.96,-1.0,-1.0,-0.34,-0.46,0.09,0.48,-0.45,0.7,,-0.64,-0.31,,-0.64,,0.03,0.26,-0.14,,-0.56,-0.61,0.43,-1.0,,-0.43,-0.63,0.65,,-0.66,-1.0,-0.55,,-1.0,1.0,-0.75,-0.5,0.62,-0.84,-0.15,,1.0,,-1.0,-0.53,0.21,,0.26,,,,,0.63,,0.76,,-0.4,-1.0,-0.29,-0.51,-0.97,-1.0,0.38,-0.36,,-1.0
86,nosql,0.21,-0.04,0.19,-0.06,1.0,,-0.84,-0.1,,0.74,0.72,0.53,-0.23,0.72,,0.78,-0.91,0.67,0.65,,-0.77,0.61,-0.69,,1.0,0.19,0.65,,0.25,,1.0,0.54,,0.26,0.46,,0.02,-0.04,-0.85,,,-0.4,0.42,,0.75,0.29,,0.16,0.3,0.34,-0.43,0.22,0.18,0.18,0.51,0.27,-0.79,,0.65,0.25,0.18,-0.06,-0.01,0.4,0.28,0.69,0.78,0.63,0.27,0.71,-0.77,,,0.49,-0.85,1.0,0.72,0.61,,1.0,-0.26,-0.27,0.73,1.0,-1.0,0.13,1.0,,-0.97,-0.43,0.59,,-0.25,-0.85,-0.25,,-0.04,,0.72,-0.35,0.48,0.16,0.4,0.32,0.48,0.56,-0.21,0.35,0.8,-0.09,0.35,-0.22,,0.98,-0.22,,0.17,,-0.16,-0.17,-0.09,,0.22,0.02,-0.97,-1.0,,0.25,-0.55,-0.0,,0.21,1.0,0.49,,1.0,0.92,0.24,0.11,-0.03,-0.07,-0.44,,0.18,,1.0,-0.06,0.83,,0.34,,,,,-0.12,,0.87,,0.51,-0.09,-0.88,-0.78,-0.29,1.0,0.16,0.36,1.0,0.31
87,notion,,,,,,,,,,,,,,,,,,,,,,,,,,,,,,,,,,,,,,,,,,,,,,,,,,,,,,,,,,,,,,,,,,,,,,,,,,,,,,,,,,,,,,,,,,,,,,,,,,,,,,,,,,,,,,,,,,,,,,,,,,,,,,,,,,,,,,,,,,,,,,,,,,,,,,,,,,,,,,,,,,,,,,,,
88,npm,1.0,-1.0,1.0,-1.0,,,,,,0.4,0.82,-1.0,1.0,,,-1.0,1.0,-0.49,,,0.66,,-0.85,,,0.87,0.86,,-1.0,,,0.97,,,-1.0,,-0.24,-1.0,,,,,1.0,,0.18,1.0,,0.84,0.66,-1.0,0.64,,,,0.07,0.88,,,-0.32,0.78,1.0,0.03,1.0,1.0,1.0,1.0,,,1.0,-0.2,0.87,,,-0.51,1.0,,-1.0,,,,-0.88,-1.0,,-1.0,,1.0,-0.97,,1.0,1.0,,,0.65,,1.0,,1.0,,,1.0,,0.01,1.0,,,,1.0,0.72,-1.0,0.9,0.79,0.97,,,1.0,,,,,1.0,0.32,,0.89,1.0,,,,-0.43,,-1.0,,0.99,,0.97,,-1.0,,-0.78,0.83,1.0,1.0,-1.0,,,,,0.86,-1.0,,-0.05,,,,,,,,,,,0.77,1.0,,,-0.77,1.0,,
89,numpy,0.89,-0.56,-0.36,-0.5,-1.0,,0.52,0.72,,0.51,0.31,0.25,0.63,0.28,,-0.18,0.83,-0.46,-1.0,,-0.01,-0.15,0.27,,-1.0,0.21,-0.13,,0.43,,-1.0,0.62,,-0.46,0.44,,0.87,-0.15,0.94,,,-0.43,0.14,,0.73,-0.03,,0.75,-0.76,0.08,0.71,-0.11,0.6,-0.39,0.69,0.16,0.92,,0.56,-0.01,0.85,0.66,-1.0,0.35,0.7,0.22,0.22,-0.95,0.4,-0.11,0.36,,,0.3,0.87,,-0.72,0.61,,-1.0,0.27,0.33,-0.11,-1.0,1.0,-0.58,-0.43,,1.0,1.0,0.65,,0.79,0.39,0.86,,0.58,,-0.55,1.0,0.04,0.76,0.68,0.95,-0.51,-0.91,0.89,0.7,0.85,-0.06,0.52,-0.31,,-0.66,0.74,,-0.62,,0.46,-0.02,0.03,,0.66,0.85,-0.39,1.0,,1.0,0.29,-0.05,,-0.51,-1.0,0.06,,-1.0,-1.0,0.31,0.9,-0.1,0.64,-0.31,,-1.0,,-1.0,0.96,0.57,,-0.01,,,,,-0.69,,-0.99,,0.13,1.0,0.99,0.97,-1.0,-1.0,0.61,0.54,,1.0
90,opencv,0.59,,-0.86,-0.44,,,1.0,0.53,,0.53,0.65,0.91,0.22,-0.24,,0.11,1.0,0.14,-0.67,,-1.0,-1.0,0.68,,,-0.97,0.33,,1.0,,,0.76,,-1.0,0.83,,0.78,0.18,1.0,,,-1.0,0.57,,0.69,0.4,,0.9,-0.39,0.87,0.7,-0.31,,-1.0,0.84,-0.96,-1.0,,0.67,-0.23,0.85,0.85,-1.0,0.74,0.99,0.6,0.51,-1.0,-0.08,0.32,0.15,,,0.82,0.38,1.0,,0.92,,,-0.05,1.0,0.33,,,-0.88,0.59,,,0.65,1.0,,0.49,1.0,0.62,,-0.88,,-1.0,1.0,0.21,0.99,0.99,1.0,-0.39,-1.0,0.36,0.81,0.74,-0.4,0.76,-0.96,,-1.0,0.43,,1.0,,-1.0,-0.54,0.02,,0.79,0.92,-0.75,,,-1.0,0.21,-0.57,,0.01,,0.61,,,,,0.75,-0.46,1.0,-1.0,,-0.9,,,0.76,0.75,,0.42,,,,,-0.76,,,,-1.0,,1.0,,,,0.49,0.92,,0.99
91,openstack,,,,,,,,,,,,,,,,,,,,,,,,,,,,,,,,,,,,,,,,,,,,,,,,,,,,,,,,,,,,,,,,,,,,,,,,,,,,,,,,,,,,,,,,,,,,,,,,,,,,,,,,,,,,,,,,,,,,,,,,,,,,,,,,,,,,,,,,,,,,,,,,,,,,,,,,,,,,,,,,,,,,,,,,
92,oracle,0.95,-0.73,-0.08,-0.11,-1.0,,0.35,0.86,,-0.06,0.35,0.31,0.34,0.01,,-0.2,0.71,0.02,0.22,,0.71,-0.29,0.3,,-1.0,-0.08,-0.35,,0.26,,1.0,0.54,,-0.99,0.07,,0.76,-0.53,0.81,,,-0.27,0.44,,-0.17,0.81,,0.77,-0.3,0.33,0.8,-0.66,0.14,-0.98,0.48,-0.18,0.86,,0.45,0.26,0.8,0.85,-0.32,0.63,0.77,0.28,-0.25,-0.46,-0.24,-0.82,0.91,,,-0.21,0.97,1.0,-0.89,0.01,,1.0,0.54,0.27,0.24,-1.0,1.0,-0.41,-0.25,,0.65,0.79,0.49,,1.0,0.86,0.83,,0.24,,-0.79,1.0,0.43,0.46,0.47,0.14,-0.02,-0.11,0.78,0.52,-0.48,0.36,0.67,-0.34,,-0.78,0.6,,0.17,,0.53,0.01,0.27,,0.36,0.91,-0.68,-1.0,,0.13,0.41,-0.46,,0.93,-1.0,0.6,,-1.0,-0.89,0.14,0.71,0.37,0.27,-0.53,,-0.54,,-1.0,0.85,-0.3,,-0.62,,,,,-0.63,,-0.89,,-0.21,0.7,0.98,0.9,-0.2,-1.0,-0.44,0.48,1.0,0.13
93,outlook,0.16,1.0,0.35,0.07,-1.0,,1.0,0.4,,-0.97,-0.99,0.74,-0.28,1.0,,-0.46,0.79,-0.8,1.0,,1.0,-0.84,0.99,,-1.0,-0.46,-0.99,,-0.39,,,-0.56,,1.0,-0.77,,0.2,0.77,-1.0,,,-0.83,0.56,,-0.97,0.91,,0.97,-0.83,0.29,0.67,-0.99,-0.2,1.0,0.14,-0.66,-1.0,,-0.69,0.01,0.43,0.96,,-1.0,0.38,-0.76,-0.88,-1.0,-0.73,-0.64,0.73,,,-0.62,0.86,,-1.0,-0.53,,,0.68,-0.74,,,1.0,-0.15,-0.85,,,0.39,1.0,,0.86,1.0,0.84,,0.02,,-0.59,,-0.61,0.02,1.0,,1.0,1.0,-0.13,-0.42,-0.74,0.15,0.4,-0.35,,-0.9,-0.03,,0.59,,-0.81,-0.57,0.38,,-0.65,-1.0,,,,,0.57,-0.78,,-0.08,-1.0,-0.8,,,-1.0,1.0,-0.07,0.33,-0.03,1.0,,,,-1.0,0.47,-0.44,,-0.46,,,,,-0.95,,-0.74,,-0.83,-1.0,1.0,1.0,-1.0,1.0,-0.88,0.71,,
94,pandas,0.68,-0.89,0.1,-0.55,-1.0,,0.21,0.81,,0.41,0.32,0.47,0.32,0.57,,-0.02,0.31,-0.27,0.45,,-0.41,-0.74,0.41,,-1.0,0.06,-0.24,,0.19,,1.0,0.58,,-0.88,0.33,,0.59,-0.38,0.3,,,-0.08,0.42,,0.61,0.12,,0.84,-0.67,0.45,0.7,-0.81,0.37,-0.91,0.52,-0.06,0.8,,0.36,-0.26,0.78,0.76,-1.0,0.77,0.9,0.27,0.33,-0.15,0.26,-0.14,0.51,,,-0.24,0.93,1.0,-0.97,0.01,,1.0,0.51,0.31,0.38,-1.0,1.0,-0.28,-0.25,,1.0,0.86,0.62,,0.83,0.84,1.0,,0.28,,-0.92,0.99,0.34,0.52,0.55,0.49,0.33,-0.67,0.71,0.58,0.6,-0.05,0.54,-0.46,,-0.32,0.61,,0.33,,0.71,-0.12,-0.05,,0.43,0.95,-0.78,-1.0,,0.18,-0.01,-0.16,,-0.33,-1.0,0.13,,-1.0,-0.51,-0.63,0.74,0.25,0.32,-0.83,,-0.14,,-1.0,0.79,0.64,,-0.04,,,,,-0.53,,-0.67,,0.08,0.9,0.99,0.58,-1.0,-1.0,-0.11,0.63,1.0,0.64
95,pascal,,,,,,,,,,,,,,,,,,,,,,,,,,,,,,,,,,,,,,,,,,,,,,,,,,,,,,,,,,,,,,,,,,,,,,,,,,,,,,,,,,,,,,,,,,,,,,,,,,,,,,,,,,,,,,,,,,,,,,,,,,,,,,,,,,,,,,,,,,,,,,,,,,,,,,,,,,,,,,,,,,,,,,,,
96,perl,0.65,0.07,-0.5,0.47,-1.0,,1.0,-0.21,,0.3,0.46,0.58,0.03,0.16,,-0.8,0.13,0.74,0.29,,1.0,0.58,-0.08,,-1.0,0.16,0.24,,0.96,,-1.0,-0.08,,0.9,0.64,,0.15,0.31,-0.36,,,0.34,-0.22,,0.38,0.98,,0.43,0.71,-0.25,0.66,-0.33,0.92,0.93,0.24,0.19,1.0,,0.37,0.28,-0.1,0.14,1.0,0.24,0.73,-0.01,0.52,-0.37,0.35,-0.44,-0.06,,,0.72,0.3,,-0.42,0.28,,-1.0,0.37,-0.25,1.0,-1.0,1.0,-0.51,-0.04,,1.0,0.58,-0.88,,0.24,0.02,0.28,,1.0,,0.34,1.0,-0.2,0.94,0.57,0.71,0.95,0.99,0.45,0.69,0.85,0.81,0.85,0.08,,0.83,0.11,,0.76,,-0.43,0.26,0.73,,0.23,0.98,-1.0,1.0,,1.0,0.26,-0.45,,0.39,1.0,0.69,,-1.0,-0.98,0.64,0.54,0.77,0.95,0.56,,0.94,,1.0,0.67,0.3,,-0.57,,,,,-0.0,,-0.55,,0.74,0.99,0.82,0.99,1.0,1.0,-0.6,-0.13,1.0,0.84
97,phoenix,,,,,,,,,,,,,,,,,,,,,,,,,,,,,,,,,,,,,,,,,,,,,,,,,,,,,,,,,,,,,,,,,,,,,,,,,,,,,,,,,,,,,,,,,,,,,,,,,,,,,,,,,,,,,,,,,,,,,,,,,,,,,,,,,,,,,,,,,,,,,,,,,,,,,,,,,,,,,,,,,,,,,,,,
98,php,-0.5,1.0,-0.36,0.72,1.0,,1.0,-0.96,,0.42,0.7,1.0,-0.53,1.0,,0.17,-0.61,0.62,1.0,,1.0,0.95,-1.0,,-1.0,-0.23,0.47,,0.61,,,-0.26,,1.0,0.38,,-0.7,1.0,-1.0,,,-1.0,-0.31,,0.41,0.45,,-0.77,0.82,0.02,-0.44,0.37,0.43,1.0,-0.59,0.05,-1.0,,0.0,0.65,-0.97,-0.78,,-0.73,-0.3,-0.08,0.03,1.0,0.02,0.6,-0.94,,,0.8,-0.93,,-1.0,1.0,,,-0.89,-1.0,,,1.0,-0.16,0.72,,,-0.55,-1.0,,-0.79,-0.59,-0.92,,0.34,,1.0,,-0.38,0.21,-1.0,,-1.0,1.0,-0.73,-0.14,0.95,0.1,0.35,0.55,,0.82,-0.71,,0.4,,-1.0,-0.18,0.46,,-0.09,-1.0,,,,,0.42,-0.02,,-0.7,1.0,0.42,,,-1.0,1.0,-0.53,-0.09,0.27,1.0,,,,1.0,-0.62,-0.56,,0.58,,,,,0.2,,0.55,,0.49,-1.0,-1.0,1.0,1.0,1.0,0.89,-0.99,,
99,plotly,0.99,-0.93,1.0,-1.0,,,,1.0,,0.97,0.98,0.26,0.95,,,-1.0,1.0,0.79,,,1.0,,-1.0,,,1.0,0.86,,,,,0.92,,,0.57,,0.85,-0.16,,,,-1.0,0.96,,0.97,0.99,,0.91,0.96,-1.0,1.0,,,,0.99,1.0,1.0,,0.94,1.0,0.84,0.75,,1.0,0.87,0.89,1.0,,0.38,-0.99,0.97,,,0.78,1.0,,-1.0,1.0,,,-0.63,-1.0,,-1.0,,-0.51,-0.35,,1.0,1.0,1.0,,1.0,,0.99,,1.0,,,1.0,-1.0,0.92,0.8,,,,0.99,0.99,1.0,-0.21,0.99,-0.38,,,1.0,,,,1.0,-0.53,0.09,,0.87,0.98,-1.0,,,1.0,1.0,-0.82,,0.95,,0.89,,-1.0,,-1.0,0.99,-0.2,1.0,-1.0,,-1.0,,,1.0,1.0,,-0.98,,,,,,,,,,,1.0,1.0,,,-1.0,0.95,,
100,postgresql,0.75,-0.98,0.08,-0.56,,,1.0,0.8,,0.44,0.67,-0.3,0.79,-0.22,,0.7,-0.95,0.2,0.01,,-1.0,0.25,-0.48,,,0.44,0.56,,0.76,,1.0,0.77,,-1.0,0.29,,0.56,-0.9,0.68,,,0.48,0.3,,0.43,0.23,,0.38,0.29,0.28,0.07,0.34,0.88,-1.0,0.47,0.43,1.0,,0.78,0.05,0.58,0.31,1.0,0.24,0.04,0.85,0.53,1.0,0.77,0.38,-0.02,,,-0.12,-0.61,1.0,-1.0,-0.19,,1.0,0.36,0.73,-0.99,,,0.29,0.48,,,0.04,0.21,,0.43,-0.61,0.34,,-0.2,,-0.38,-1.0,1.0,0.34,0.48,0.44,-0.19,-0.77,0.93,0.72,0.24,0.44,0.39,-0.03,,0.36,0.9,,-0.51,,0.95,0.62,-0.41,,0.66,-0.68,0.94,-1.0,,-1.0,-0.7,0.39,,0.8,-1.0,0.64,,,1.0,-1.0,0.84,0.64,0.16,-0.93,,0.73,,-1.0,0.65,0.61,,0.01,,,,,0.55,,0.78,,0.5,-1.0,-1.0,-0.23,-1.0,-1.0,-0.23,0.26,1.0,0.2
101,power bi,0.63,-0.14,-0.55,0.35,-1.0,,0.79,0.37,,0.32,0.6,0.73,0.24,0.03,,-0.66,0.03,0.57,0.26,,0.94,0.58,0.01,,-1.0,-0.02,0.37,,0.95,,-1.0,0.41,,0.63,0.78,,0.46,0.11,0.08,,,0.1,0.11,,0.4,0.88,,0.61,0.68,0.15,0.66,-0.46,0.99,0.69,0.32,0.01,0.69,,0.39,0.12,0.41,0.48,-0.92,0.42,0.85,0.39,0.69,-0.65,0.28,-0.4,0.11,,,0.79,0.29,1.0,-0.24,0.17,,-1.0,0.47,0.05,0.27,-1.0,1.0,-0.8,0.16,,0.01,0.76,0.99,,0.46,0.02,0.52,,0.94,,0.21,0.92,0.34,1.0,0.95,0.92,0.92,0.85,0.59,0.76,0.49,0.14,0.74,-0.35,,0.88,0.38,,0.74,,-0.08,0.14,0.44,,0.46,0.85,-0.7,1.0,,0.82,0.19,-0.43,,0.56,1.0,0.59,,-1.0,-0.88,0.69,0.69,0.46,0.98,0.08,,0.47,,1.0,0.73,0.31,,-0.46,,,,,-0.06,,-0.47,,0.83,0.99,0.61,0.88,0.89,1.0,-0.78,0.51,1.0,0.96
102,powerpoint,0.68,-0.52,-0.37,-0.11,-1.0,,-1.0,0.67,,0.57,0.67,0.79,0.94,,,-0.14,0.99,0.98,1.0,,1.0,-0.66,0.36,,,-0.21,0.63,,0.98,,,0.73,,,0.95,,0.87,0.05,,,,-1.0,0.64,,0.75,0.89,,0.88,0.32,0.46,0.53,-1.0,1.0,,0.88,-0.3,1.0,,0.74,0.46,0.86,0.79,-1.0,0.78,0.99,0.76,0.64,-1.0,-0.03,-0.17,0.26,,,0.87,0.16,1.0,-1.0,0.97,,,-0.13,-1.0,,-1.0,,-0.84,0.4,,1.0,0.68,0.99,,0.47,1.0,0.55,,0.57,,-1.0,0.8,0.48,0.95,1.0,1.0,,,0.72,0.89,0.84,-0.38,0.77,-0.84,,,0.77,,,,1.0,-0.86,-0.12,,0.95,0.89,-1.0,,,-0.84,0.03,-0.89,,0.78,,0.81,,-1.0,,-1.0,0.85,-0.43,1.0,-0.74,,-0.82,,,0.75,0.81,,-0.31,,,,,-1.0,,-1.0,,-1.0,,0.94,1.0,,,-0.98,0.96,,1.0
103,powershell,0.33,1.0,-0.49,0.32,,,,,,0.04,0.4,0.95,0.92,-0.22,,-0.98,-0.25,0.88,-0.01,,1.0,,0.34,,,-0.99,0.27,,0.61,,-1.0,0.26,,1.0,0.86,,0.3,1.0,1.0,,,1.0,-0.46,,0.27,0.86,,0.64,0.54,0.74,0.42,-0.71,0.89,1.0,-0.62,-0.96,,,0.29,-0.79,0.31,0.39,-1.0,0.39,0.95,0.37,0.68,-1.0,0.1,-0.19,0.06,,,0.13,0.11,,1.0,-0.55,,-1.0,0.81,1.0,,,,-0.96,0.32,,,0.95,1.0,,0.14,,0.49,,0.71,,,,0.44,0.92,1.0,1.0,1.0,,0.97,0.62,0.85,-0.6,0.75,-0.82,,0.7,0.51,,1.0,,,0.49,0.74,,0.39,1.0,,1.0,,,0.17,-0.23,,0.77,,0.48,,,1.0,1.0,0.82,0.56,0.84,1.0,,0.68,,,0.86,0.66,,-0.55,,,,,0.45,,0.79,,0.83,,1.0,0.76,,,-0.94,-0.81,1.0,1.0
104,pulumi,1.0,,0.17,0.25,,,,-1.0,,0.41,0.66,0.98,-0.64,0.94,,-1.0,-1.0,0.35,1.0,,,,-1.0,,,-1.0,0.11,,1.0,,,0.24,,,0.48,,-0.98,,,,,1.0,0.71,,0.32,0.64,,0.58,0.15,0.59,0.42,-0.82,1.0,,-0.71,-1.0,,,-0.11,-0.06,-0.14,0.16,,0.94,1.0,-0.04,0.77,,0.16,0.36,-0.56,,,-1.0,0.03,,,-0.66,,,0.93,,,,,-1.0,0.48,,,-0.51,-0.39,,-0.02,1.0,0.33,,0.95,,-1.0,,-0.19,0.92,,1.0,1.0,0.32,-1.0,0.42,0.73,,1.0,-0.96,,0.63,-0.64,,0.94,,,-0.32,1.0,,-0.21,1.0,,,,,-0.03,-0.38,,-0.31,,0.3,,,,,0.14,1.0,1.0,,,1.0,,,0.99,0.64,,0.24,,,,,-0.34,,1.0,,0.62,1.0,,,,,-0.85,1.0,,0.94
105,puppet,0.19,,-0.28,0.86,,,-1.0,-1.0,,-0.72,-0.28,0.12,-0.98,-0.03,,-0.68,,0.88,0.79,,1.0,,,,,-1.0,0.2,,,,,-0.8,,1.0,-0.6,,-0.99,1.0,-1.0,,,-0.07,0.34,,-0.8,0.92,,-0.43,0.93,-0.35,-0.26,-0.7,,1.0,-0.99,-1.0,,,-0.93,0.51,-0.96,0.21,,-0.01,0.51,-0.71,0.3,,-0.89,-0.75,-0.27,,,1.0,-0.88,,,0.37,,,-0.05,-1.0,,,,-1.0,0.56,,,-0.91,-1.0,,-0.11,1.0,-0.67,,0.99,,1.0,,-0.77,0.85,,,0.32,1.0,-0.9,-0.71,-0.42,,0.94,0.08,,0.84,-0.91,,0.95,,-1.0,-0.98,1.0,,-1.0,1.0,,,,,0.61,-0.96,,0.74,,0.86,,,,,-0.89,,,,,,,,0.22,-0.43,,-0.74,,,,,-1.0,,,,0.56,1.0,,,,1.0,-0.57,-1.0,,1.0
106,pyspark,0.68,-0.63,-0.35,-0.31,,,0.97,0.82,,0.44,0.42,-0.03,0.87,-0.65,,-0.34,0.31,0.37,-0.29,,0.83,0.6,-0.25,,-1.0,0.4,0.52,,0.93,,-1.0,0.47,,-0.9,0.51,,0.79,-0.58,0.95,,,0.11,0.1,,0.41,0.51,,0.47,0.2,-0.3,0.75,0.21,0.97,-0.86,0.56,0.39,1.0,,0.61,0.04,0.65,0.5,,0.28,0.44,0.63,0.15,-1.0,0.68,-0.88,0.91,,,0.2,0.95,1.0,-0.83,-0.23,,-1.0,0.54,0.58,-0.93,-1.0,1.0,-0.34,-0.21,,1.0,0.89,0.36,,0.78,-0.13,0.71,,0.45,,-0.73,0.99,0.93,0.59,0.72,0.97,-1.0,-0.9,1.0,0.8,-0.04,0.21,0.4,-0.13,,-0.52,0.94,,-0.72,,0.7,0.52,-0.2,,0.75,0.56,0.63,1.0,,0.2,-0.13,-0.04,,0.74,,0.51,,-1.0,-0.93,0.15,0.88,0.42,0.77,-0.33,,0.12,,,0.81,0.33,,-0.93,,,,,0.48,,-0.92,,0.59,0.39,1.0,0.94,,-1.0,-0.38,0.37,1.0,0.32
107,python,0.9,-0.74,-0.25,-0.35,-1.0,,0.62,0.65,,0.68,0.83,0.47,0.62,0.46,,0.07,-0.3,0.19,0.27,,0.2,0.71,-0.43,,-1.0,0.67,0.6,,0.94,,1.0,0.82,,-1.0,0.79,,0.7,-0.42,0.78,,,-0.29,0.51,,0.73,0.52,,0.78,-0.14,0.08,0.57,0.09,1.0,-0.99,0.67,0.69,0.81,,0.64,0.17,0.75,0.6,0.72,0.71,0.84,0.84,0.81,0.63,0.63,0.02,0.1,,,0.66,0.33,1.0,-0.91,0.61,,1.0,0.13,0.32,0.27,-1.0,1.0,-0.46,0.35,,0.72,0.7,0.81,,0.52,-0.42,0.58,,0.69,,-0.14,0.99,0.72,0.76,0.89,0.62,0.42,-0.71,0.8,1.0,0.46,0.03,0.78,-0.45,,0.88,0.7,,0.07,,0.55,0.13,-0.09,,0.86,0.95,-0.71,-1.0,,0.16,-0.48,-0.21,,0.16,1.0,0.72,,-1.0,-0.81,0.05,0.94,0.27,0.74,-0.6,,0.09,,1.0,0.86,0.59,,-0.08,,,,,-0.17,,-0.33,,0.89,0.78,0.23,0.86,0.47,-1.0,-0.25,0.78,1.0,0.56
108,pytorch,-0.51,0.24,-0.03,-0.24,,,1.0,-0.44,,0.73,0.62,0.7,-0.38,0.55,,0.2,-0.66,0.18,0.44,,-0.7,1.0,-0.36,,,0.15,0.1,,0.41,,-1.0,0.45,,0.92,0.68,,-0.22,0.94,-0.39,,,0.34,0.01,,0.75,0.03,,0.36,-0.45,0.6,0.03,-0.42,1.0,0.95,0.39,0.19,-1.0,,0.7,-0.04,0.42,-0.31,-0.43,0.53,0.84,0.39,0.88,0.08,0.58,0.55,-0.57,,,0.37,0.38,,1.0,0.08,,-1.0,0.13,-0.46,0.64,,,0.09,0.8,,-1.0,0.85,0.74,,-0.48,-0.74,0.6,,0.85,,0.95,1.0,0.24,0.49,0.84,0.85,0.73,-0.42,-0.04,0.46,1.0,-0.17,0.3,-0.12,,0.89,-0.49,,0.64,,-0.61,-0.12,0.11,,0.07,0.68,-0.93,1.0,,1.0,-0.15,0.09,,-0.78,1.0,-0.06,,,1.0,0.69,0.35,0.36,0.81,0.09,,0.67,,1.0,-0.26,0.87,,0.18,,,,,0.05,,0.97,,0.92,1.0,-0.86,0.67,-0.46,1.0,0.12,0.49,1.0,0.84
109,qlik,0.4,0.19,-0.07,-0.05,-1.0,,0.32,0.11,,-0.06,0.21,-0.77,-0.45,1.0,,0.03,0.26,-0.49,0.49,,0.78,0.46,-0.41,,-1.0,0.64,-0.45,,0.72,,1.0,0.09,,-1.0,-0.63,,0.01,-0.61,-1.0,,,0.73,0.09,,-0.43,0.3,,-0.08,0.08,0.03,0.22,0.97,0.94,-1.0,0.08,0.64,-1.0,,0.32,0.95,-0.05,-0.06,1.0,-0.49,-0.66,-0.1,-0.53,0.61,0.43,-0.3,-0.14,,,-0.27,0.12,1.0,-0.88,-0.84,,1.0,0.33,-0.72,,-1.0,1.0,0.48,-0.09,,0.9,-0.06,-0.4,,0.36,0.15,-0.05,,0.81,,0.1,-0.21,0.44,0.14,-0.38,-0.6,,,0.21,0.03,-0.17,1.0,0.34,0.95,,1.0,0.0,,1.0,,-0.95,0.79,0.8,,-0.22,-0.38,1.0,-1.0,,-0.1,0.04,0.31,,0.35,1.0,0.18,,-1.0,-1.0,-0.1,0.15,0.99,0.52,0.5,,0.94,,1.0,0.23,-0.47,,-0.28,,,,,0.95,,-0.78,,0.48,,0.59,0.88,0.99,,-0.02,-0.31,,-1.0
110,r,0.86,-0.69,-0.03,0.12,-1.0,,0.19,0.51,,0.47,0.84,0.66,-0.01,0.7,,0.06,-0.06,0.58,0.61,,0.82,0.42,-0.29,,-1.0,0.39,0.4,,0.79,,-1.0,0.76,,0.93,0.54,,0.53,-0.17,-0.93,,,-0.43,0.68,,0.58,0.93,,0.85,0.48,0.38,0.6,-0.63,0.97,0.89,0.65,0.39,0.2,,0.64,0.61,0.66,0.71,0.99,0.7,0.83,0.54,0.6,0.44,0.1,-0.15,0.03,,,0.65,0.17,1.0,-0.83,0.63,,-1.0,0.15,-0.81,0.89,-1.0,1.0,-0.45,0.35,,0.79,0.52,0.76,,0.67,0.4,0.54,,0.85,,0.35,0.99,0.39,0.74,0.77,0.75,1.0,0.94,0.4,0.78,0.3,0.34,1.0,-0.43,,0.6,0.32,,0.96,,-0.17,-0.18,0.47,,0.5,0.92,-1.0,1.0,,-0.03,-0.06,-0.6,,0.71,1.0,0.89,,-1.0,-0.87,0.07,0.72,0.44,0.81,-0.51,,0.01,,1.0,0.81,0.29,,-0.2,,,,,-0.68,,-0.54,,0.61,0.98,0.63,0.91,0.95,1.0,-0.62,0.72,1.0,0.51
111,react,-0.29,0.21,0.36,-0.23,-1.0,,1.0,-0.46,,-0.13,-0.33,-0.74,-0.31,0.42,,-0.03,-0.04,-0.49,0.3,,0.49,0.83,-0.7,,-1.0,0.84,-0.33,,0.28,,1.0,-0.59,,0.56,-0.67,,-0.61,-0.41,-0.98,,,0.69,-0.28,,-0.36,-0.34,,-0.74,-0.0,-0.8,-0.23,0.56,-0.01,0.49,-0.37,0.87,-0.15,,-0.24,0.85,-0.78,-0.8,0.94,-0.47,-0.66,-0.43,-0.32,0.84,0.39,0.01,-0.34,,,-0.33,-0.18,,-1.0,-0.64,,1.0,-0.08,-0.68,-0.12,-1.0,1.0,0.7,-0.22,,0.97,-0.31,-0.96,,-0.34,-0.35,-0.46,,0.08,,0.55,-0.38,-0.03,-0.35,-0.84,-0.82,-0.96,0.08,-0.13,-0.45,-0.12,0.95,-0.43,1.0,,0.1,-0.28,,-0.25,,-0.38,0.53,0.33,,-0.54,-0.53,0.59,-1.0,,-0.19,-0.15,0.64,,-0.44,1.0,-0.65,,-1.0,-0.46,-0.44,-0.44,0.67,-0.25,0.43,,0.49,,1.0,-0.41,-0.33,,-0.02,,,,,0.77,,-0.24,,-0.0,-0.72,0.12,0.12,0.73,1.0,0.52,-0.68,-1.0,-0.8
112,redhat,,,,,,,,,,,,,,,,,,,,,,,,,,,,,,,,,,,,,,,,,,,,,,,,,,,,,,,,,,,,,,,,,,,,,,,,,,,,,,,,,,,,,,,,,,,,,,,,,,,,,,,,,,,,,,,,,,,,,,,,,,,,,,,,,,,,,,,,,,,,,,,,,,,,,,,,,,,,,,,,,,,,,,,,
113,redis,0.69,,-0.55,0.23,,,,-0.63,,0.92,0.96,1.0,0.06,1.0,,-0.13,-0.88,0.87,1.0,,,1.0,-0.94,,,0.62,0.86,,0.99,,,0.49,,1.0,0.97,,-0.52,1.0,-1.0,,,0.48,-0.26,,0.92,0.89,,-0.01,1.0,-0.13,-0.36,0.05,0.95,1.0,-0.04,0.8,,,0.68,0.08,-0.57,-0.68,,0.69,0.89,0.56,0.79,1.0,0.78,0.94,-0.88,,,0.94,-0.87,,,0.3,,,-0.12,-1.0,,,,-0.64,0.98,,,-0.66,-1.0,,-0.78,-0.9,-0.32,,0.83,,0.82,,0.36,0.88,,0.7,0.63,0.84,-0.52,0.88,0.89,1.0,0.6,0.1,,1.0,-0.04,,0.35,,-1.0,0.48,0.11,,0.5,1.0,,,,,-0.44,0.24,,-0.84,1.0,0.98,,,1.0,,0.55,0.83,1.0,,,1.0,,1.0,0.33,0.62,,0.86,,,,,0.52,,0.99,,0.98,1.0,,,1.0,1.0,-0.48,-0.91,1.0,0.86
114,redshift,0.71,-0.87,-0.22,-0.54,-1.0,,0.92,0.89,,0.13,0.34,-0.12,0.96,-0.49,,-0.07,0.18,-0.05,-0.28,,0.48,-0.35,0.12,,-1.0,0.23,0.35,,0.52,,1.0,0.57,,-0.99,0.42,,0.74,-0.7,0.83,,,-0.0,0.25,,0.17,0.36,,0.52,0.16,-0.14,0.52,0.36,0.67,-0.97,0.3,0.19,1.0,,0.27,-0.18,0.77,0.57,0.56,0.36,0.37,0.7,0.26,0.46,0.49,-0.42,0.68,,,0.01,0.43,1.0,-1.0,0.07,,1.0,0.32,0.7,-0.89,-1.0,1.0,-0.31,-0.22,,1.0,0.74,0.43,,0.6,-0.03,0.61,,0.11,,-0.71,1.0,0.9,0.38,0.77,0.51,-0.64,-0.91,0.94,0.7,-0.49,0.0,0.32,-0.28,,-0.04,1.0,,-0.75,,0.9,0.45,-0.42,,0.8,0.46,0.56,-1.0,,-0.38,-0.45,0.01,,0.77,-1.0,0.53,,-1.0,-0.75,-0.53,0.87,0.26,0.47,-0.72,,-0.32,,-1.0,0.77,-0.11,,-0.35,,,,,0.26,,-0.76,,0.28,0.18,0.87,0.74,0.26,-1.0,-0.37,0.47,1.0,0.08
115,rshiny,,,,,,,,,,,,,,,,,,,,,,,,,,,,,,,,,,,,,,,,,,,,,,,,,,,,,,,,,,,,,,,,,,,,,,,,,,,,,,,,,,,,,,,,,,,,,,,,,,,,,,,,,,,,,,,,,,,,,,,,,,,,,,,,,,,,,,,,,,,,,,,,,,,,,,,,,,,,,,,,,,,,,,,,
116,ruby,0.48,,0.11,0.6,,,,-0.64,,0.08,0.36,0.99,-0.84,0.94,,-0.95,-0.97,0.57,0.94,,,1.0,-0.47,,,-0.89,-0.16,,0.66,,,-0.15,,1.0,0.17,,-0.96,1.0,-1.0,,,0.24,0.55,,0.09,0.98,,0.66,0.4,0.68,0.75,-0.82,0.92,1.0,-0.87,-0.74,,,-0.44,0.26,-0.55,0.31,,0.48,0.75,-0.4,0.41,1.0,-0.24,0.03,-0.34,,,0.15,0.19,,,0.01,,,0.28,-1.0,,,,-0.64,0.17,,,-0.62,1.0,,0.17,0.59,0.33,,0.76,,0.4,,-0.51,0.74,,1.0,0.94,0.95,-0.72,0.07,0.64,1.0,0.96,-0.25,,0.35,-0.75,,1.0,,-1.0,-0.63,0.95,,-0.63,1.0,,,,,0.34,-0.79,,-0.95,1.0,0.18,,,1.0,,-0.3,0.99,0.74,,,1.0,,1.0,0.51,0.25,,0.28,,,,,-0.62,,0.83,,0.31,1.0,,,1.0,1.0,-0.66,-0.23,1.0,0.76
117,ruby on rails,,,,,,,,,,,,,,,,,,,,,,,,,,,,,,,,,,,,,,,,,,,,,,,,,,,,,,,,,,,,,,,,,,,,,,,,,,,,,,,,,,,,,,,,,,,,,,,,,,,,,,,,,,,,,,,,,,,,,,,,,,,,,,,,,,,,,,,,,,,,,,,,,,,,,,,,,,,,,,,,,,,,,,,,
118,rust,0.48,-0.94,0.16,-0.94,,,-1.0,0.94,,0.48,0.23,-0.41,0.91,-1.0,,0.18,-1.0,0.24,-1.0,,-1.0,-1.0,1.0,,1.0,0.74,0.64,,-1.0,,,0.65,,-1.0,0.37,,0.71,-0.87,1.0,,,0.02,0.21,,0.46,-0.18,,0.33,-0.71,-0.29,0.14,1.0,-1.0,-1.0,0.46,0.65,0.97,,0.65,-0.8,0.72,0.37,,0.5,0.3,0.9,0.57,,0.7,-0.27,0.88,,,-0.34,0.89,,1.0,-0.08,,,0.34,0.99,-1.0,,-1.0,0.03,-0.16,,,0.46,-1.0,,0.53,-0.81,0.71,,-0.43,,-1.0,1.0,0.95,-0.08,1.0,,,-1.0,0.7,0.55,-0.61,-0.95,-0.17,-0.38,,-1.0,0.9,,-1.0,,1.0,0.31,-0.89,,0.73,0.36,1.0,,,,-0.98,0.22,,0.67,,0.31,,,1.0,-1.0,0.7,-0.98,-1.0,-1.0,,,,,0.47,0.72,,-0.4,,,,,0.15,,1.0,,0.17,1.0,,-1.0,,-1.0,-0.88,0.39,,
119,sap,0.2,0.45,-0.44,-0.33,1.0,,0.58,0.16,,-0.12,0.03,-0.48,0.47,-0.77,,0.04,-0.33,-0.35,-0.4,,0.83,0.91,-0.38,,-1.0,0.25,0.06,,0.96,,-1.0,-0.01,,-0.86,-0.02,,0.06,-0.64,0.97,,,0.83,-0.45,,-0.23,-0.14,,-0.33,0.33,-0.2,-0.04,0.62,0.95,-0.82,-0.29,0.28,0.4,,0.05,-0.05,-0.12,-0.29,0.98,-0.39,-0.3,0.21,0.04,0.32,0.66,-0.18,0.04,,,-0.24,-0.05,1.0,-0.7,-0.72,,-1.0,0.48,0.8,-0.85,-1.0,1.0,0.26,-0.17,,1.0,-0.02,-0.54,,0.01,-0.57,-0.12,,0.26,,-0.18,-0.53,0.62,0.14,-0.86,0.49,-0.32,-0.98,0.52,0.13,-0.12,0.79,-0.18,0.53,,0.48,0.45,,-0.63,,0.31,1.0,-0.19,,0.14,-0.34,1.0,1.0,,-0.47,-0.19,0.78,,0.32,1.0,-0.04,,-1.0,-0.93,-0.14,0.26,0.87,0.76,0.67,,0.95,,1.0,0.09,-0.17,,-0.2,,,,,0.99,,-0.18,,0.59,0.12,-0.02,0.97,0.93,-1.0,-0.24,-0.55,1.0,0.18
120,sas,0.15,0.48,-0.22,0.67,-1.0,,0.57,-0.22,,-0.18,0.06,0.24,-0.65,0.28,,-0.39,0.71,-0.05,0.35,,0.98,0.53,0.0,,-1.0,-0.14,-0.45,,0.84,,-1.0,-0.17,,1.0,-0.21,,-0.06,0.33,-0.66,,,-0.13,0.03,,-0.31,0.57,,0.08,0.1,0.12,0.4,-0.46,0.96,1.0,0.06,-0.12,-0.71,,0.12,0.76,-0.13,0.11,-0.65,-0.36,-0.1,-0.45,-0.54,-0.73,-0.36,-0.29,-0.2,,,0.22,0.35,1.0,-0.21,-0.06,,-1.0,0.14,-0.69,0.95,-1.0,1.0,-0.14,-0.09,,0.32,0.03,0.02,,0.27,0.38,-0.05,,0.73,,0.46,0.09,-0.41,0.44,-0.12,0.74,1.0,1.0,-0.2,-0.09,0.11,0.8,0.47,0.33,,0.11,-0.42,,0.95,,-0.89,-0.19,1.0,,-0.33,0.15,-0.67,1.0,,0.29,0.63,-0.41,,0.05,1.0,0.11,,-1.0,-1.0,0.55,-0.11,0.7,0.99,0.79,,0.41,,1.0,0.14,-0.42,,-0.18,,,,,-0.2,,-0.74,,-0.08,-1.0,0.93,0.93,1.0,1.0,0.04,-0.14,,-0.31
121,sass,,,,,,,,,,,,,,,,,,,,,,,,,,,,,,,,,,,,,,,,,,,,,,,,,,,,,,,,,,,,,,,,,,,,,,,,,,,,,,,,,,,,,,,,,,,,,,,,,,,,,,,,,,,,,,,,,,,,,,,,,,,,,,,,,,,,,,,,,,,,,,,,,,,,,,,,,,,,,,,,,,,,,,,,
122,scala,0.77,-0.59,-0.44,-0.45,1.0,,0.33,0.62,,0.5,0.62,0.32,0.82,-0.1,,0.19,-0.41,-0.05,-0.38,,0.15,0.95,-0.37,,-1.0,0.22,0.63,,0.89,,-1.0,0.76,,-0.84,0.77,,0.74,-0.38,0.98,,,-0.56,0.4,,0.59,0.26,,0.63,-0.16,0.01,0.38,0.67,0.88,-0.8,0.48,0.25,0.88,,0.43,-0.07,0.8,0.59,1.0,0.43,0.5,0.88,0.4,0.31,0.5,0.12,0.19,,,0.57,0.26,1.0,-0.63,0.7,,-1.0,-0.04,0.82,-0.2,-1.0,1.0,-0.56,0.22,,0.89,0.66,0.79,,0.36,-0.65,0.43,,0.23,,-0.09,0.87,0.66,0.46,0.95,0.39,-0.21,-1.0,0.75,0.86,0.07,-0.22,0.5,-0.54,,0.5,0.8,,-0.63,,0.73,0.14,-0.33,,1.0,0.62,-0.3,1.0,,-0.74,-0.36,-0.09,,0.15,1.0,0.63,,-1.0,-0.97,-0.28,0.86,-0.12,0.69,-0.56,,-0.34,,1.0,0.69,0.23,,0.14,,,,,-0.1,,-0.04,,0.59,0.05,-0.19,0.99,0.97,-1.0,0.03,0.7,1.0,0.14
123,scikit-learn,0.91,-0.85,-0.16,-0.02,,,,0.67,,0.84,0.93,0.6,0.29,0.49,,-0.72,0.67,0.91,0.62,,1.0,,-0.01,,,0.95,0.83,,1.0,,,0.85,,1.0,0.71,,0.57,0.14,-1.0,,,-0.36,0.5,,0.94,0.99,,0.95,0.56,-0.2,0.94,-1.0,1.0,1.0,0.75,0.94,0.57,,0.76,0.03,0.69,0.81,,0.94,0.93,0.66,0.71,,0.2,-0.64,0.53,,,0.88,0.78,,-1.0,0.65,,,0.11,-0.15,0.67,-1.0,,-0.61,0.02,,1.0,0.85,0.92,,0.91,-1.0,0.95,,0.98,,-1.0,0.98,-0.68,0.85,0.89,1.0,1.0,1.0,0.56,0.95,0.68,-0.38,0.92,-0.53,,1.0,0.46,,1.0,,0.36,-0.34,0.15,,0.62,1.0,-0.95,,,1.0,0.58,-0.79,,0.63,,0.88,,-1.0,-1.0,-1.0,0.82,0.03,0.87,-0.97,,-0.36,,,0.94,0.83,,-0.66,,,,,-0.88,,-1.0,,1.0,0.96,1.0,1.0,,,-0.84,0.97,,0.81
124,seaborn,-0.99,,-1.0,1.0,,,,1.0,,-0.95,-1.0,-0.77,0.54,-1.0,,-1.0,,-0.83,-1.0,,,,,,,-1.0,-0.68,,,,,-0.89,,-1.0,-0.36,,-0.14,-0.9,1.0,,,1.0,-0.9,,-0.96,-0.99,,-0.93,-0.9,1.0,-0.9,1.0,,-1.0,-0.94,-1.0,1.0,,-0.53,-1.0,-0.49,-0.73,,-0.99,-0.85,-0.21,-1.0,,0.81,-0.59,0.29,,,-0.85,0.05,,,-0.92,,,0.77,1.0,-0.87,,,0.43,-0.97,,,-0.39,-0.75,,-0.68,,-0.78,,-1.0,,,-1.0,0.94,-0.7,-1.0,,,,0.63,-0.71,-0.93,1.0,-1.0,0.59,,,0.56,,,,1.0,1.0,-0.67,,-0.3,-0.95,1.0,,,,-0.19,0.97,,0.01,,-0.86,,,,,-0.25,1.0,,1.0,,1.0,,,-0.81,-0.85,,-0.63,,,,,1.0,,,,,,,,,,-1.0,-0.96,,1.0
125,selenium,-1.0,1.0,-1.0,1.0,,,,,,-1.0,-1.0,1.0,-1.0,-1.0,,-1.0,1.0,1.0,-1.0,,1.0,,1.0,,,-1.0,-1.0,,,,-1.0,-1.0,,1.0,1.0,,1.0,1.0,1.0,,,,-1.0,,-1.0,1.0,,-1.0,1.0,1.0,1.0,1.0,,1.0,-1.0,-1.0,,,-1.0,1.0,-1.0,1.0,,-1.0,1.0,-1.0,-1.0,-1.0,-1.0,-1.0,-1.0,,,1.0,,,1.0,1.0,,-1.0,1.0,1.0,,,,-1.0,-1.0,,,1.0,,,-1.0,,-1.0,,1.0,,,,-1.0,1.0,,1.0,,,1.0,-1.0,1.0,-1.0,1.0,-1.0,,,-1.0,,,,,1.0,1.0,,1.0,,,1.0,,,1.0,-1.0,,1.0,,1.0,,,,1.0,-1.0,-1.0,1.0,1.0,,,,,-1.0,-1.0,,-1.0,,,,,,,,,,,,1.0,,,-1.0,-1.0,,
126,sharepoint,,,,,,,,,,,,,,,,,,,,,,,,,,,,,,,,,,,,,,,,,,,,,,,,,,,,,,,,,,,,,,,,,,,,,,,,,,,,,,,,,,,,,,,,,,,,,,,,,,,,,,,,,,,,,,,,,,,,,,,,,,,,,,,,,,,,,,,,,,,,,,,,,,,,,,,,,,,,,,,,,,,,,,,,
127,sheets,-0.33,-1.0,-0.43,0.35,,,1.0,-1.0,,0.49,-0.09,-1.0,-0.41,,,-0.99,1.0,1.0,-1.0,,0.39,-1.0,0.02,,,0.06,-0.83,,0.88,,,-0.25,,,-1.0,,0.65,0.65,,,,,-0.73,,0.81,-0.39,,-0.04,-0.96,-0.75,0.42,,,,0.59,0.04,,,0.46,0.03,-0.93,-0.29,-1.0,1.0,1.0,-0.94,,,1.0,-0.8,0.06,,,1.0,1.0,-1.0,-1.0,,,,0.72,-1.0,,-1.0,,-0.43,0.25,,-0.43,1.0,-1.0,,0.13,,0.18,,1.0,,,1.0,-1.0,0.82,-0.84,,,,0.2,0.16,1.0,-0.1,-0.03,-0.19,,,-0.38,,,,,-0.47,0.29,,-0.74,1.0,,,,1.0,,-0.98,,-0.19,,-0.15,,-1.0,,0.9,0.02,-0.66,1.0,-1.0,,,,,0.01,1.0,,-0.88,,,,,,,,,,,0.24,1.0,,,0.91,-0.27,,
128,shell,-0.48,0.9,-0.67,0.86,,,,-0.69,,-0.78,-0.6,0.49,-0.32,-0.55,,-0.98,0.87,-0.19,-0.47,,1.0,1.0,0.78,,,-0.93,-0.58,,-0.56,,-1.0,-0.69,,0.55,0.06,,0.19,0.81,0.18,,,-0.08,-0.57,,-0.64,0.44,,-0.11,-0.24,0.38,0.71,-0.27,-0.86,0.62,-0.41,-0.9,-1.0,,-0.47,0.02,-0.08,0.29,-1.0,-0.6,0.01,-0.7,-0.56,-1.0,-0.78,-0.83,0.32,,,0.06,0.97,,1.0,-0.09,,-1.0,0.49,0.1,-0.31,,,-0.63,-0.55,,,0.29,0.21,,0.41,0.57,-0.01,,0.26,,0.42,1.0,-0.7,0.19,0.03,0.17,-0.03,0.61,-0.13,-0.48,-0.15,0.04,-0.06,-0.15,,-0.44,-0.45,,0.34,,-0.98,-0.19,0.63,,-0.36,0.58,-0.19,1.0,,,1.0,-0.39,,0.18,1.0,-0.33,,,-1.0,1.0,-0.44,-0.19,0.38,0.82,,-0.35,,1.0,-0.16,-0.61,,-0.66,,,,,-0.16,,-0.75,,-0.59,1.0,1.0,0.83,1.0,1.0,0.01,-0.37,-1.0,0.32
129,slack,-0.31,0.43,0.13,-0.74,1.0,,-0.6,-0.19,,0.04,-0.15,-0.55,0.16,0.09,,0.63,-0.9,-0.59,-0.42,,-0.92,0.28,-0.72,,1.0,0.34,-0.08,,-0.18,,1.0,-0.06,,-1.0,-0.26,,-0.39,-0.51,0.68,,,0.78,-0.46,,0.09,-0.75,,-0.46,-0.26,0.08,-0.53,0.73,-0.13,-1.0,-0.55,0.38,-0.06,,-0.2,-0.3,-0.23,-0.7,1.0,-0.35,-0.66,0.01,-0.03,0.93,0.56,0.38,-0.3,,,-0.44,-0.07,1.0,0.15,-0.71,,1.0,0.09,0.72,-0.72,1.0,-1.0,0.65,-0.0,,-1.0,-0.05,-0.57,,-0.46,-0.78,-0.16,,-0.45,,-0.02,-0.82,0.39,-0.43,-0.89,-0.23,-0.38,-0.96,-0.04,-0.21,0.09,0.31,-0.6,0.64,,0.24,0.01,,-0.79,,0.22,0.78,-0.41,,-0.09,-0.79,0.97,-1.0,,-0.98,-0.39,1.0,,-0.4,1.0,-0.45,,1.0,0.99,-0.83,-0.08,0.36,-0.49,0.39,,0.78,,1.0,-0.49,0.06,,0.36,,,,,0.97,,0.98,,0.19,-0.79,-0.87,-0.92,1.0,-1.0,0.5,-0.7,1.0,-0.25
130,smartsheet,,,,,,,,,,,,,,,,,,,,,,,,,,,,,,,,,,,,,,,,,,,,,,,,,,,,,,,,,,,,,,,,,,,,,,,,,,,,,,,,,,,,,,,,,,,,,,,,,,,,,,,,,,,,,,,,,,,,,,,,,,,,,,,,,,,,,,,,,,,,,,,,,,,,,,,,,,,,,,,,,,,,,,,,
131,snowflake,0.92,-0.5,-0.56,0.45,,,0.1,0.87,,-0.42,0.19,-0.17,0.9,-0.65,,-0.24,0.58,0.6,-0.08,,0.74,0.97,-0.42,,-1.0,0.1,0.51,,0.84,,-1.0,0.03,,-0.69,-0.07,,0.86,-0.56,1.0,,,-0.29,0.41,,-0.77,0.71,,-0.0,0.91,-0.25,0.21,0.42,0.88,-0.63,0.55,0.1,0.97,,0.68,0.31,0.02,0.81,1.0,-0.12,0.49,0.85,-0.04,-1.0,-0.47,-0.71,0.65,,,0.46,-0.56,1.0,-0.55,0.44,,-1.0,0.4,0.69,-0.5,-1.0,1.0,-0.66,0.21,,0.99,-0.51,0.01,,0.93,-0.08,-0.33,,0.39,,-0.7,0.95,0.8,0.56,0.78,0.77,-0.31,0.74,0.74,0.16,-0.78,0.35,0.71,-0.44,,-0.84,0.77,,-0.95,,0.67,0.32,0.05,,0.15,0.63,0.01,1.0,,-0.19,0.18,-0.4,,1.0,,0.69,,-1.0,-0.99,0.09,0.08,0.37,0.89,-0.34,,-0.67,,,0.86,-0.6,,-0.61,,,,,-0.24,,-0.99,,0.44,0.24,0.86,1.0,1.0,-1.0,-0.61,0.49,1.0,0.23
132,solidity,,,-1.0,1.0,,,,-1.0,,1.0,1.0,,-1.0,,,-1.0,-1.0,1.0,,,,1.0,-1.0,,,1.0,1.0,,1.0,,,-1.0,,,1.0,,-1.0,,,,,,-1.0,,1.0,,,-1.0,1.0,-1.0,-1.0,1.0,1.0,,-1.0,1.0,,,1.0,1.0,-1.0,-1.0,,,,1.0,1.0,1.0,1.0,1.0,-1.0,,,1.0,,,,1.0,,,-1.0,,,,,-1.0,1.0,,,-1.0,,,-1.0,-1.0,-1.0,,1.0,,1.0,,-1.0,1.0,,,,,,1.0,1.0,1.0,1.0,1.0,,1.0,-1.0,,1.0,,,1.0,1.0,,1.0,,,,,,1.0,1.0,,,1.0,1.0,,,,,1.0,1.0,1.0,,,,,1.0,-1.0,-1.0,,1.0,,,,,1.0,,1.0,,1.0,,,,1.0,,1.0,-1.0,,
133,spark,0.92,-0.65,-0.25,0.17,1.0,,-0.05,0.63,,0.3,0.8,0.47,0.45,-0.26,,0.16,-0.52,0.61,0.27,,0.82,0.56,-0.42,,-1.0,0.61,0.82,,0.7,,-1.0,0.7,,0.95,0.66,,0.71,-0.36,-0.91,,,-0.72,0.67,,0.21,0.78,,0.58,0.46,0.13,0.34,0.15,0.93,0.92,0.72,0.68,0.46,,0.76,0.54,0.55,0.73,0.77,0.59,0.78,0.82,0.6,0.5,0.11,-0.05,0.08,,,0.76,-0.26,1.0,-0.85,0.87,,-1.0,0.08,0.05,0.5,-1.0,1.0,-0.55,0.49,,0.97,0.06,0.61,,0.6,-0.8,0.13,,0.69,,0.42,0.89,0.64,0.59,0.81,0.48,0.3,0.86,0.51,0.72,-0.06,0.18,0.89,-0.65,,0.98,0.53,,0.18,,0.31,-0.04,0.11,,0.63,0.88,-0.86,1.0,,-0.15,-0.33,-0.45,,0.69,1.0,1.0,,-1.0,-0.82,-0.16,0.61,0.22,0.65,-0.63,,-0.26,,1.0,0.79,0.16,,-0.16,,,,,-0.48,,0.0,,0.99,0.91,-0.33,0.87,0.65,1.0,-0.67,0.73,1.0,0.47
134,splunk,,,,,,,,,,,,,,,,,,,,,,,,,,,,,,,,,,,,,,,,,,,,,,,,,,,,,,,,,,,,,,,,,,,,,,,,,,,,,,,,,,,,,,,,,,,,,,,,,,,,,,,,,,,,,,,,,,,,,,,,,,,,,,,,,,,,,,,,,,,,,,,,,,,,,,,,,,,,,,,,,,,,,,,,
135,spreadsheet,-1.0,1.0,-1.0,1.0,,,,,,-1.0,-1.0,1.0,-1.0,,,1.0,-1.0,-1.0,,,-1.0,,1.0,,,-1.0,-1.0,,,,,-1.0,,,1.0,,-1.0,1.0,,,,,-1.0,,-1.0,-1.0,,-1.0,-1.0,1.0,-1.0,,,,-1.0,-1.0,,,-1.0,-1.0,-1.0,1.0,,-1.0,-1.0,-1.0,,,-1.0,1.0,-1.0,,,1.0,-1.0,,1.0,,,,1.0,1.0,,1.0,,-1.0,1.0,,-1.0,-1.0,,,-1.0,,-1.0,,-1.0,,,-1.0,,-1.0,-1.0,,,,-1.0,-1.0,,-1.0,-1.0,-1.0,,,-1.0,,,,,-1.0,-1.0,,-1.0,-1.0,,,,-1.0,,1.0,,-1.0,,-1.0,,1.0,,1.0,-1.0,-1.0,-1.0,1.0,,,,,-1.0,,,1.0,,,,,,,,,,,-1.0,-1.0,,,1.0,-1.0,,
136,spring,-0.87,-1.0,0.87,-0.57,,,-1.0,-1.0,,-0.43,-0.33,-0.5,-0.84,1.0,,1.0,-0.67,-0.55,1.0,,-1.0,-1.0,0.08,,1.0,-1.0,-0.3,,-0.97,,,0.24,,,-0.84,,-1.0,-1.0,,,,-0.27,0.61,,-0.41,-0.98,,-0.45,-0.84,0.8,-0.99,-1.0,-0.82,,-0.98,-1.0,,,-0.92,-0.5,-0.46,-0.64,,-0.13,-0.55,0.13,1.0,,-0.74,1.0,-0.82,,,-1.0,-1.0,,1.0,-1.0,,,-0.67,1.0,,,-1.0,1.0,0.92,,,-1.0,,,-0.89,-1.0,-0.51,,-0.98,,-1.0,,1.0,-0.88,,1.0,,,-0.93,-0.81,1.0,-1.0,-0.87,-0.46,,1.0,-0.75,,1.0,,1.0,-0.93,-1.0,,-0.97,-1.0,,,,,-1.0,0.99,,-0.99,,-0.82,,,1.0,-1.0,-0.83,-0.78,-0.96,-1.0,,,,,-0.89,1.0,,0.99,,,,,-1.0,,1.0,,-0.73,-1.0,,-0.99,,,0.43,1.0,1.0,
137,spss,-0.47,0.82,-0.74,0.99,,,1.0,1.0,,-0.09,-0.51,0.85,-0.27,-1.0,,-0.76,0.84,0.69,-1.0,,0.42,1.0,0.49,,-1.0,-0.48,-0.95,,0.73,,-1.0,-0.8,,1.0,1.0,,0.85,0.9,1.0,,,-1.0,-0.97,,0.08,0.5,,-0.44,-0.16,-0.02,0.3,1.0,1.0,1.0,0.33,-0.48,,,0.6,0.07,-0.69,0.17,-1.0,-0.97,0.23,-0.99,-1.0,-1.0,-0.55,-0.61,-0.11,,,0.71,-1.0,,0.43,1.0,,-1.0,0.99,0.65,,1.0,1.0,-0.75,0.24,,-0.78,0.31,,,0.14,1.0,-0.63,,0.64,,1.0,-1.0,-1.0,0.69,-1.0,1.0,,,0.15,0.05,0.69,-0.1,0.07,-0.44,,,-0.53,,,,-1.0,-0.14,0.55,,-0.28,-1.0,,1.0,,0.9,1.0,-0.83,,0.09,,-0.16,,1.0,-1.0,1.0,-0.04,-0.25,0.87,1.0,,,,,-0.05,0.2,,-0.63,,,,,,,-1.0,,1.0,,-0.21,0.52,-1.0,,0.32,-0.83,,
138,sql,0.91,-0.74,-0.32,-0.49,-1.0,,0.48,0.85,,0.54,0.7,0.34,0.82,0.3,,0.08,0.02,-0.12,0.06,,0.03,0.24,-0.17,,-1.0,0.41,0.33,,0.82,,1.0,0.83,,-0.96,0.68,,0.83,-0.55,0.89,,,-0.19,0.46,,0.7,0.36,,0.81,-0.39,0.22,0.65,0.14,0.92,-0.94,0.6,0.38,0.93,,0.6,0.07,0.88,0.72,0.9,0.59,0.72,0.8,0.68,0.89,0.62,-0.07,0.33,,,0.4,0.62,1.0,-0.9,0.49,,1.0,0.32,0.53,-0.25,-1.0,1.0,-0.5,0.11,,0.83,0.9,0.75,,0.71,-0.07,0.74,,0.54,,-0.53,0.99,0.84,0.69,0.85,0.82,0.14,-0.89,0.88,0.94,0.35,0.15,0.72,-0.44,,0.55,0.87,,-0.3,,0.7,0.26,-0.11,,0.86,0.82,-0.25,-1.0,,0.02,-0.44,-0.08,,0.08,1.0,0.61,,-1.0,-0.83,-0.04,1.0,0.34,0.75,-0.58,,-0.05,,1.0,0.94,0.45,,-0.05,,,,,-0.09,,-0.63,,0.63,0.57,0.81,0.87,0.88,-1.0,-0.08,0.68,1.0,0.57
139,sql server,0.51,0.08,0.01,-0.19,-1.0,,0.29,0.1,,0.06,0.38,-0.23,-0.21,0.59,,0.11,-0.2,-0.15,0.72,,0.55,0.37,-0.38,,-1.0,0.85,-0.19,,0.83,,1.0,0.21,,-1.0,-0.2,,-0.05,-0.69,-1.0,,,0.9,0.06,,-0.17,0.4,,0.13,0.42,0.23,0.29,-0.23,0.97,-1.0,-0.04,0.83,-1.0,,0.32,0.52,-0.03,-0.0,1.0,0.05,0.05,0.12,0.27,0.94,0.63,-0.25,-0.1,,,-0.39,0.11,1.0,-0.98,-0.86,,1.0,0.54,-0.9,,-1.0,1.0,0.62,-0.03,,1.0,-0.1,-0.46,,0.37,0.33,0.25,,0.77,,-0.09,-0.2,0.64,0.46,-0.43,0.56,1.0,,0.42,0.27,0.36,0.99,0.44,0.67,,0.83,0.26,,0.99,,-0.98,0.87,0.7,,-0.12,0.03,1.0,-1.0,,-0.66,-0.19,0.36,,0.37,1.0,0.22,,-1.0,-0.78,-0.25,0.34,1.0,0.63,0.36,,0.94,,1.0,0.38,0.07,,-0.36,,,,,0.9,,-0.48,,0.82,1.0,0.54,0.78,1.0,,-0.68,-0.31,1.0,0.54
140,ssis,0.53,0.43,-0.77,0.57,-1.0,,1.0,-0.1,,0.11,0.34,0.74,0.77,-0.68,,-0.89,0.18,0.78,-0.51,,0.95,0.56,0.17,,-1.0,-0.22,0.26,,0.96,,-1.0,-0.09,,1.0,0.89,,0.57,0.57,1.0,,,0.53,-0.58,,0.28,0.9,,0.41,0.66,-0.12,0.62,-0.27,0.94,1.0,0.06,-0.18,,,0.57,-0.07,0.17,0.28,-1.0,0.12,0.76,0.12,0.47,-0.73,0.3,-0.53,0.1,,,0.69,0.37,,-0.07,-0.05,,-1.0,0.66,0.2,,-1.0,1.0,-0.84,-0.07,,1.0,0.64,1.0,,0.27,-0.03,0.32,,0.95,,0.27,1.0,0.16,0.98,1.0,0.84,1.0,,0.77,0.74,0.81,0.52,0.81,-0.25,,1.0,0.47,,0.74,,-1.0,0.76,0.99,,0.69,0.87,,1.0,,1.0,0.38,-0.49,,0.89,1.0,0.65,,-1.0,-0.96,0.87,0.75,0.63,1.0,0.82,,0.75,,1.0,0.66,0.35,,-0.66,,,,,0.96,,-0.53,,0.82,1.0,0.94,0.89,1.0,,-0.69,-0.43,1.0,0.99
141,ssrs,-0.62,0.91,-0.99,1.0,,,1.0,-0.89,,-0.91,-0.9,0.03,-0.59,-1.0,,-0.69,0.78,-0.55,-1.0,,0.6,1.0,0.83,,-1.0,-0.75,-0.77,,1.0,,-1.0,-0.95,,1.0,-0.08,,-0.37,0.55,1.0,,,0.87,-0.99,,-0.86,-0.16,,-0.78,0.67,0.08,-0.17,1.0,1.0,1.0,-0.76,-0.73,-1.0,,-0.63,0.02,-0.7,-0.55,,-0.99,-0.62,-0.92,-0.99,-1.0,-0.3,-0.18,-0.62,,,0.12,-0.99,,0.52,-0.54,,-1.0,0.91,0.72,,1.0,1.0,-0.15,-0.44,,-1.0,-0.31,-1.0,,-0.53,1.0,-0.83,,0.56,,1.0,-1.0,-0.93,0.08,-0.74,1.0,,,-0.33,-0.6,0.09,0.5,-0.51,0.43,,,-0.72,,,,-1.0,0.67,0.79,,-0.56,-0.97,1.0,1.0,,-1.0,0.82,0.39,,-0.34,,-0.63,,1.0,-1.0,1.0,-0.58,0.36,0.82,1.0,,1.0,,,-0.52,-0.97,,-0.0,,,,,1.0,,-1.0,,1.0,,-1.0,0.43,,,-0.47,-0.84,,
142,svn,,,,,,,,,,,,,,,,,,,,,,,,,,,,,,,,,,,,,,,,,,,,,,,,,,,,,,,,,,,,,,,,,,,,,,,,,,,,,,,,,,,,,,,,,,,,,,,,,,,,,,,,,,,,,,,,,,,,,,,,,,,,,,,,,,,,,,,,,,,,,,,,,,,,,,,,,,,,,,,,,,,,,,,,
143,swift,-0.79,,-0.31,0.05,,,,-1.0,,0.14,0.27,-0.03,-0.34,-1.0,,1.0,-0.87,0.07,-1.0,,,,-0.46,,,1.0,0.11,,1.0,,,-0.17,,,0.04,,-0.75,-1.0,,,,1.0,-0.49,,0.04,-0.24,,-0.47,0.7,0.09,-0.45,-0.16,1.0,,-0.64,1.0,,,-0.22,-0.26,-0.77,-0.71,1.0,-0.17,0.05,0.04,0.63,1.0,0.71,0.21,-0.56,,,-0.5,-0.35,,,-0.67,,,0.39,,,,,1.0,0.18,,,-1.0,-0.9,,-0.54,,-0.14,,0.94,,,-1.0,0.73,0.47,-0.82,0.68,1.0,,0.12,0.09,0.67,0.94,0.01,0.49,,1.0,-0.32,,1.0,,,0.95,0.41,,-0.34,-0.36,1.0,,,,-0.35,0.78,,-0.67,,-0.26,,,,,-0.05,0.94,0.75,1.0,,1.0,,,-0.24,0.47,,-0.05,,,,,0.96,,1.0,,1.0,,-1.0,1.0,,,-0.72,-0.66,,0.67
144,symphony,,,,,,,,,,,,,,,,,,,,,,,,,,,,,,,,,,,,,,,,,,,,,,,,,,,,,,,,,,,,,,,,,,,,,,,,,,,,,,,,,,,,,,,,,,,,,,,,,,,,,,,,,,,,,,,,,,,,,,,,,,,,,,,,,,,,,,,,,,,,,,,,,,,,,,,,,,,,,,,,,,,,,,,,
145,t-sql,,,-1.0,1.0,,,,-1.0,,1.0,1.0,,-1.0,,,-1.0,-1.0,1.0,,,,1.0,-1.0,,,1.0,1.0,,1.0,,,-1.0,,,1.0,,-1.0,,,,,,-1.0,,1.0,,,-1.0,1.0,-1.0,-1.0,1.0,1.0,,-1.0,1.0,,,1.0,1.0,-1.0,-1.0,,,,1.0,1.0,1.0,1.0,1.0,-1.0,,,1.0,,,,1.0,,,-1.0,,,,,-1.0,1.0,,,-1.0,,,-1.0,-1.0,-1.0,,1.0,,1.0,,-1.0,1.0,,,,,,1.0,1.0,1.0,1.0,1.0,,1.0,-1.0,,1.0,,,1.0,1.0,,1.0,,,,,,1.0,1.0,,,1.0,1.0,,,,,1.0,1.0,1.0,,,,,1.0,-1.0,-1.0,,1.0,,,,,1.0,,1.0,,1.0,,,,1.0,,1.0,-1.0,,
146,tableau,0.93,-0.73,-0.22,-0.16,-1.0,,0.68,0.84,,0.29,0.61,0.35,0.59,0.25,,-0.27,0.33,0.29,0.31,,0.77,-0.01,0.02,,-1.0,0.33,0.28,,0.68,,1.0,0.7,,-0.99,0.53,,0.78,-0.44,0.61,,,-0.26,0.53,,0.34,0.87,,0.86,0.28,0.09,0.84,-0.75,0.73,-1.0,0.57,0.27,0.83,,0.49,0.27,0.83,0.81,0.39,0.66,0.8,0.58,0.64,-0.16,0.27,-0.59,0.62,,,0.3,0.61,1.0,-0.89,0.61,,1.0,0.35,0.16,0.41,-1.0,1.0,-0.53,-0.06,,0.86,0.96,0.76,,0.85,0.47,0.79,,0.67,,-0.62,1.0,0.65,0.73,0.75,0.86,0.99,0.22,0.81,0.86,-0.26,0.23,0.81,-0.41,,0.33,0.77,,0.51,,0.47,0.09,0.14,,0.69,0.94,-0.81,-1.0,,0.01,-0.16,-0.49,,0.86,-1.0,0.79,,-1.0,-0.89,-0.05,0.94,0.38,0.66,-0.52,,-0.24,,-1.0,1.0,-0.0,,-0.53,,,,,-0.67,,-0.85,,0.44,0.77,0.96,0.9,0.42,-1.0,-0.66,0.72,1.0,0.98
147,tensorflow,-0.19,-0.91,0.29,-0.57,,,1.0,0.64,,0.82,0.73,0.53,-0.06,0.56,,0.93,-0.84,0.33,0.47,,-0.9,-1.0,-0.41,,,0.42,0.31,,0.19,,1.0,0.66,,-0.82,0.63,,0.01,-0.28,0.19,,,0.06,0.43,,0.77,-0.06,,0.48,-0.36,0.5,-0.11,-0.33,0.84,-0.86,0.61,0.41,-1.0,,0.78,-0.25,0.58,-0.1,-0.28,0.88,0.85,0.78,0.96,0.98,0.6,0.63,-0.39,,,0.18,0.25,,-1.0,0.24,,1.0,-0.01,0.26,0.48,,,0.21,0.83,,-1.0,0.57,0.75,,-0.3,-0.44,0.64,,0.3,,-0.56,1.0,0.61,0.31,0.81,0.66,0.64,-0.43,0.33,0.59,0.87,-0.47,0.29,-0.33,,0.62,-0.11,,0.25,,0.72,-0.17,-0.42,,0.23,0.83,-0.85,-1.0,,1.0,-0.61,0.06,,-0.6,-1.0,0.16,,,1.0,0.2,0.45,0.07,0.35,-0.97,,0.47,,-1.0,-0.0,1.0,,0.18,,,,,-0.13,,0.73,,0.77,1.0,-0.93,0.04,-0.76,-1.0,-0.0,0.84,1.0,0.72
148,terminal,,,,,,,,,,,,,,,,,,,,,,,,,,,,,,,,,,,,,,,,,,,,,,,,,,,,,,,,,,,,,,,,,,,,,,,,,,,,,,,,,,,,,,,,,,,,,,,,,,,,,,,,,,,,,,,,,,,,,,,,,,,,,,,,,,,,,,,,,,,,,,,,,,,,,,,,,,,,,,,,,,,,,,,,
149,terraform,-0.28,0.36,0.3,-0.35,1.0,,-0.74,-0.65,,0.19,0.25,0.09,-0.29,0.78,,0.85,-0.65,-0.56,0.7,,-0.73,0.2,-0.17,,1.0,-0.18,0.06,,-0.38,,1.0,0.41,,0.36,-0.08,,-0.57,0.3,-0.91,,,-0.14,0.2,,0.34,-0.71,,0.09,-0.39,0.6,-0.51,0.3,-0.52,0.29,-0.43,-0.13,-1.0,,-0.44,-0.13,0.07,-0.2,0.99,-0.0,-0.46,0.05,0.29,0.93,0.08,0.9,-0.5,,,-0.03,-0.12,,0.67,0.51,,1.0,-0.55,-0.36,0.93,1.0,-1.0,0.26,0.34,,-0.05,-0.01,0.42,,-0.62,-0.46,-0.04,,-0.57,,0.58,-0.98,0.01,-0.46,-0.31,-0.55,0.24,-0.74,-0.93,-0.08,0.18,-0.28,-0.2,-0.02,,0.86,-0.35,,0.28,,-0.4,-0.2,-0.18,,0.14,-0.66,-0.63,-1.0,,-0.88,-0.66,0.36,,-0.61,1.0,-0.16,,1.0,0.99,-0.63,-0.05,-0.36,-0.66,-0.0,,-0.05,,1.0,-0.53,0.18,,1.0,,,,,-0.49,,0.97,,-0.2,-0.57,-0.7,-0.99,0.99,1.0,0.44,-0.15,-1.0,-0.51
150,theano,,,,,,,,,,,,,,,,,,,,,,,,,,,,,,,,,,,,,,,,,,,,,,,,,,,,,,,,,,,,,,,,,,,,,,,,,,,,,,,,,,,,,,,,,,,,,,,,,,,,,,,,,,,,,,,,,,,,,,,,,,,,,,,,,,,,,,,,,,,,,,,,,,,,,,,,,,,,,,,,,,,,,,,,
151,tidyverse,,,,,,,,,,,,,,,,,,,,,,,,,,,,,,,,,,,,,,,,,,,,,,,,,,,,,,,,,,,,,,,,,,,,,,,,,,,,,,,,,,,,,,,,,,,,,,,,,,,,,,,,,,,,,,,,,,,,,,,,,,,,,,,,,,,,,,,,,,,,,,,,,,,,,,,,,,,,,,,,,,,,,,,,
152,trello,,,,,,,,,,,,,,,,,,,,,,,,,,,,,,,,,,,,,,,,,,,,,,,,,,,,,,,,,,,,,,,,,,,,,,,,,,,,,,,,,,,,,,,,,,,,,,,,,,,,,,,,,,,,,,,,,,,,,,,,,,,,,,,,,,,,,,,,,,,,,,,,,,,,,,,,,,,,,,,,,,,,,,,,
153,twilio,,,,,,,,,,,,,,,,,,,,,,,,,,,,,,,,,,,,,,,,,,,,,,,,,,,,,,,,,,,,,,,,,,,,,,,,,,,,,,,,,,,,,,,,,,,,,,,,,,,,,,,,,,,,,,,,,,,,,,,,,,,,,,,,,,,,,,,,,,,,,,,,,,,,,,,,,,,,,,,,,,,,,,,,
154,typescript,-0.8,1.0,-0.53,-0.38,,,,-0.15,,-0.2,-0.21,-0.72,0.38,-0.82,,0.6,-0.69,-0.43,-0.82,,,1.0,-1.0,,,0.99,0.03,,0.98,,,-0.38,,-1.0,-0.08,,-0.35,-0.62,1.0,,,0.86,-0.88,,-0.26,-0.76,,-0.84,0.3,-0.71,-0.82,0.77,0.81,-1.0,-0.68,0.99,1.0,,-0.15,-0.2,-0.61,-0.93,,-0.61,-0.63,0.03,-0.01,1.0,0.7,-0.08,-0.25,,,-0.2,-0.27,,,-0.7,,,0.54,1.0,-1.0,,,0.63,-0.12,,,-0.69,-0.76,,-0.63,-0.95,-0.53,,-0.0,,0.2,,0.55,-0.06,-1.0,0.45,-0.34,-1.0,0.48,-0.17,0.05,0.95,-0.68,0.77,,0.52,0.26,,-0.62,,0.15,0.99,-0.2,,-0.1,-0.88,1.0,,,,-0.16,0.97,,-0.24,1.0,-0.48,,,-1.0,,-0.09,0.9,0.96,1.0,,0.96,,1.0,-0.67,-0.13,,-0.49,,,,,1.0,,0.9,,0.54,-1.0,,,1.0,-1.0,0.17,-0.79,-1.0,0.02
155,ubuntu,,,,,,,,,,,,,,,,,,,,,,,,,,,,,,,,,,,,,,,,,,,,,,,,,,,,,,,,,,,,,,,,,,,,,,,,,,,,,,,,,,,,,,,,,,,,,,,,,,,,,,,,,,,,,,,,,,,,,,,,,,,,,,,,,,,,,,,,,,,,,,,,,,,,,,,,,,,,,,,,,,,,,,,,
156,unify,-0.85,-1.0,0.42,-0.24,1.0,,-1.0,-0.68,,0.33,0.35,-0.47,-0.7,1.0,,0.94,-0.82,-0.04,1.0,,-1.0,0.26,-0.58,,1.0,-0.5,0.52,,-0.3,,,0.47,,,-0.03,,-1.0,-1.0,,,,-0.24,0.23,,0.32,-0.97,,-0.56,0.19,0.59,-0.98,0.03,-0.32,,-0.94,-0.1,,,-0.04,-0.32,-0.68,-0.76,,-0.09,-0.51,0.53,0.86,1.0,0.03,1.0,-0.78,,,0.06,-0.98,,1.0,0.16,,,-0.74,1.0,,,-1.0,0.76,0.87,,,-0.99,,,-0.89,-0.74,-0.67,,-0.55,,0.55,,0.78,-0.47,-1.0,0.79,1.0,,-0.92,-0.33,0.97,-0.78,-0.54,-0.24,,0.99,-0.76,,0.83,,1.0,-0.18,-0.74,,-0.04,-1.0,,,,,-0.75,0.98,,-0.99,1.0,0.0,,,1.0,-1.0,-0.63,-0.48,-0.53,-1.0,,1.0,,1.0,-0.85,0.73,,0.97,,,,,0.9,,1.0,,0.03,-1.0,-1.0,-0.99,1.0,,0.29,-0.6,1.0,1.0
157,unity,,,,,,,,,,,,,,,,,,,,,,,,,,,,,,,,,,,,,,,,,,,,,,,,,,,,,,,,,,,,,,,,,,,,,,,,,,,,,,,,,,,,,,,,,,,,,,,,,,,,,,,,,,,,,,,,,,,,,,,,,,,,,,,,,,,,,,,,,,,,,,,,,,,,,,,,,,,,,,,,,,,,,,,,
158,unix,0.9,1.0,-0.48,0.05,1.0,,1.0,-0.24,,0.94,0.94,0.66,0.29,0.95,,-0.11,-0.54,0.93,0.95,,1.0,1.0,-0.67,,-1.0,0.73,0.8,,0.91,,,0.59,,1.0,0.98,,-0.01,-0.23,-1.0,,,0.8,-0.23,,0.94,0.82,,0.25,0.94,-0.21,0.13,-0.02,0.94,1.0,0.3,0.89,1.0,,0.75,-0.07,-0.13,-0.31,,0.78,0.97,0.64,0.89,1.0,0.86,0.06,-0.37,,,0.84,-0.26,,-1.0,0.09,,,0.28,0.29,,,1.0,-0.4,0.51,,,0.13,-1.0,,-0.21,-0.83,0.08,,0.74,,0.49,,0.5,0.83,-1.0,0.83,0.62,0.56,0.59,0.89,0.92,0.48,0.61,-0.0,,0.98,0.28,,0.31,,0.17,0.59,-0.08,,0.59,1.0,,,,,-0.59,0.19,,0.44,1.0,0.99,,,-0.73,1.0,0.63,0.82,0.82,1.0,,1.0,,1.0,0.44,0.77,,-0.2,,,,,0.54,,0.03,,1.0,0.98,-1.0,0.8,1.0,1.0,-0.65,-0.59,1.0,0.85
159,unreal,0.78,,-0.37,0.35,,,,1.0,,0.95,0.98,0.81,-0.03,1.0,,-1.0,1.0,1.0,1.0,,,,1.0,,,1.0,0.62,,1.0,,,0.8,,,0.9,,0.04,-1.0,,,,0.93,0.37,,0.96,1.0,,1.0,0.99,0.11,0.82,-1.0,1.0,,0.34,1.0,1.0,,0.3,-0.26,0.15,0.91,,1.0,1.0,0.2,1.0,,0.55,-0.52,0.18,,,1.0,0.61,,,-1.0,,,0.81,1.0,,,,-1.0,-0.09,,,1.0,,,0.7,-1.0,0.9,,0.99,,-1.0,,-1.0,0.99,,,1.0,1.0,0.39,0.78,1.0,,0.98,-0.72,,1.0,0.18,,1.0,,1.0,0.12,-1.0,,0.05,0.96,,,,,1.0,-0.79,,0.24,,0.91,,,-1.0,,0.57,1.0,1.0,,,,,,0.77,1.0,,-0.57,,,,,-1.0,,-1.0,,0.98,1.0,,1.0,,,-1.0,1.0,,1.0
160,vba,0.8,-1.0,0.02,-0.15,-1.0,,,1.0,,-0.36,-0.59,-1.0,0.85,,,-0.96,0.87,-0.26,,,0.99,-1.0,0.46,,,0.11,-0.76,,-0.11,,,-0.48,,,-0.76,,0.76,-1.0,,,,,0.15,,-0.46,1.0,,0.99,-0.65,-0.39,0.99,-1.0,1.0,,0.16,0.02,,,-0.23,0.15,0.91,0.77,-0.09,1.0,1.0,-0.68,-1.0,-1.0,-0.13,-0.92,0.91,,,-0.72,0.94,,-1.0,-1.0,,,0.53,-1.0,,-1.0,,-0.29,-0.88,,0.77,0.99,1.0,,0.98,1.0,0.99,,0.82,,-1.0,1.0,-1.0,0.61,0.94,1.0,,,1.0,0.23,-0.86,0.59,0.63,0.12,,,0.87,,,,,-0.02,0.93,,-0.19,1.0,,,,0.24,1.0,-0.87,,0.86,,-0.33,,-1.0,,-0.21,0.81,0.54,0.94,-1.0,,-1.0,,,0.96,-0.93,,-0.7,,,,,,,-1.0,,-1.0,,1.0,1.0,1.0,,-0.81,0.65,,1.0
161,visio,0.79,-0.07,-0.55,0.35,,,1.0,1.0,,0.27,0.4,0.36,0.89,-0.8,,-0.95,0.58,0.63,-0.66,,0.98,1.0,0.1,,-1.0,0.27,0.39,,0.99,,-1.0,-0.16,,1.0,0.64,,0.95,0.09,1.0,,,0.38,-0.3,,0.41,1.0,,0.54,0.84,-0.5,0.99,-0.42,0.88,1.0,0.48,0.3,,,0.9,0.27,0.55,0.65,,0.19,0.64,-0.04,0.15,-1.0,0.56,-0.99,0.85,,,0.82,1.0,,-0.55,-0.18,,-1.0,0.59,-0.31,,-1.0,1.0,-0.51,-0.78,,1.0,0.97,,,0.9,1.0,0.58,,0.99,,1.0,1.0,-0.23,0.88,1.0,0.76,,,0.94,0.86,0.67,0.88,0.91,0.12,,,0.74,,,,-1.0,0.97,0.93,,0.99,1.0,,1.0,,1.0,0.83,-0.92,,1.0,,0.87,,-1.0,-0.99,0.52,0.87,0.78,0.89,0.43,,1.0,,,0.9,0.04,,-0.99,,,,,,,-0.99,,0.8,1.0,1.0,1.0,,,-0.53,0.05,,1.0
162,vue,1.0,,-0.99,1.0,,,,-1.0,,-0.36,-0.02,,0.7,,,-1.0,-1.0,-0.55,,,1.0,1.0,0.02,,,-0.42,0.32,,0.77,,,-0.86,,,1.0,,-0.28,,,,,,-1.0,,-0.31,,,-0.46,0.86,-1.0,0.43,1.0,1.0,,-0.72,-0.2,,,-0.51,0.64,-1.0,-0.02,1.0,,,1.0,1.0,1.0,1.0,-0.09,-0.17,,,0.64,,,,1.0,,,-0.33,,,,,-0.97,-0.29,,,-1.0,,,-0.2,-1.0,-1.0,,1.0,,1.0,,-1.0,0.89,,,,,,0.47,-0.46,0.99,0.95,0.73,,1.0,0.26,,1.0,,,0.93,1.0,,0.97,,,,,,1.0,1.0,,1.0,1.0,0.65,,,,-1.0,0.88,1.0,1.0,,,,,1.0,0.42,-0.76,,0.99,,,,,1.0,,1.0,,1.0,,1.0,,1.0,,0.05,-1.0,,
163,vue.js,-1.0,,-1.0,1.0,,,,-1.0,,-1.0,1.0,1.0,-1.0,1.0,,-1.0,,1.0,1.0,,,,,,,-1.0,-1.0,,,,,-1.0,,1.0,1.0,,-1.0,1.0,-1.0,,,-1.0,-1.0,,-1.0,1.0,,-1.0,1.0,-1.0,1.0,-1.0,,1.0,-1.0,-1.0,,,-1.0,1.0,-1.0,-1.0,,-1.0,1.0,-1.0,-1.0,,-1.0,-1.0,-1.0,,,1.0,,,,1.0,,,-1.0,-1.0,,,,-1.0,1.0,,,-1.0,,,-1.0,1.0,-1.0,,1.0,,1.0,,-1.0,1.0,,,,1.0,-1.0,-1.0,1.0,,1.0,1.0,,1.0,-1.0,,1.0,,-1.0,-1.0,1.0,,-1.0,,,,,,1.0,-1.0,,-1.0,,1.0,,,,,-1.0,,,,,,,,-1.0,-1.0,,1.0,,,,,-1.0,,,,1.0,,,,,1.0,1.0,-1.0,,
164,windows,-0.57,0.03,0.21,-0.36,1.0,,-0.18,-0.79,,0.29,-0.12,-0.5,-0.22,0.06,,0.51,0.15,-0.56,-0.37,,-0.64,0.84,-0.35,,1.0,0.37,-0.27,,-0.54,,1.0,0.2,,0.85,-0.4,,-0.12,0.58,-0.98,,,-0.9,0.05,,0.39,-0.71,,-0.21,-0.66,0.0,-0.31,0.77,-0.8,0.81,0.25,0.46,-1.0,,0.18,0.37,0.21,-0.57,0.27,-0.51,-0.99,-0.21,-0.77,0.55,0.07,0.44,-0.35,,,0.65,0.12,,0.51,0.64,,1.0,-0.68,-0.87,1.0,1.0,-1.0,0.38,0.16,,-0.77,0.61,0.49,,-0.44,-0.88,-0.11,,-0.6,,0.89,-1.0,-0.23,-0.78,-0.98,-0.94,-0.85,-0.57,-0.38,-0.25,0.12,-0.02,-0.62,0.52,,-0.48,-0.37,,-0.66,,-0.88,-0.24,0.04,,0.03,-0.84,-1.0,-1.0,,0.91,0.01,0.5,,-0.61,1.0,-0.67,,1.0,0.43,0.32,-0.08,-0.68,-0.69,-0.47,,-0.72,,1.0,-0.66,-0.0,,0.44,,,,,0.17,,0.29,,-0.65,-1.0,-0.81,-0.53,0.05,1.0,1.0,-0.24,-1.0,-0.97
165,word,0.64,-0.83,0.76,-0.76,-1.0,,-0.08,0.55,,0.69,0.67,0.45,0.31,0.79,,0.22,-0.07,0.88,0.73,,-0.15,-0.83,-0.34,,1.0,0.77,0.52,,-0.46,,1.0,0.74,,-0.29,0.51,,0.6,-0.11,-0.45,,,-0.92,0.81,,0.78,0.66,,0.9,0.03,-0.16,0.47,-0.26,-0.37,-0.36,0.92,0.69,0.39,,0.59,0.34,0.77,0.73,1.0,0.91,0.94,0.63,0.77,0.81,0.03,-0.02,0.26,,,0.43,0.15,1.0,-0.86,0.88,,1.0,-0.33,-0.31,0.69,-1.0,-1.0,-0.36,0.36,,1.0,0.54,0.92,,0.48,0.71,0.63,,-0.13,,-0.99,0.95,0.26,0.51,0.96,-0.81,1.0,-1.0,0.37,0.78,0.49,-0.31,0.72,-0.68,,-0.91,0.47,,-0.23,,0.39,-0.55,-0.14,,0.7,0.97,-0.96,-1.0,,-0.27,-0.37,-0.7,,0.49,-1.0,0.73,,-1.0,1.0,-0.83,0.68,-0.31,-0.43,-0.84,,-0.66,,-1.0,0.72,0.84,,-0.15,,,,,-0.79,,-0.6,,-0.59,1.0,0.65,0.05,-1.0,-1.0,-0.24,1.0,,-0.95
166,yarn,1.0,,1.0,-1.0,,,,,,1.0,1.0,1.0,1.0,1.0,,,-1.0,1.0,1.0,,,,1.0,,,,1.0,,1.0,,,1.0,,,1.0,,-1.0,,,,,1.0,1.0,,1.0,1.0,,1.0,1.0,1.0,1.0,-1.0,1.0,,1.0,,,,1.0,-1.0,1.0,1.0,,1.0,1.0,1.0,1.0,,1.0,1.0,1.0,,,,,,,-1.0,,,1.0,,,,,,1.0,,,,,,1.0,,1.0,,1.0,,,,1.0,1.0,,1.0,,,1.0,1.0,1.0,,1.0,-1.0,,1.0,1.0,,1.0,,,1.0,,,1.0,,,,,,-1.0,1.0,,1.0,,1.0,,,1.0,,1.0,1.0,1.0,,,,,,1.0,1.0,,-1.0,,,,,-1.0,,1.0,,1.0,,,,,,-1.0,,1.0,
167,zoom,0.4,,-0.69,0.74,,,,,,0.0,0.39,0.98,0.07,-0.12,,-0.83,-0.21,0.88,0.04,,,,0.35,,,-0.93,0.22,,1.0,,,0.19,,-1.0,0.86,,0.13,-1.0,1.0,,,1.0,-0.52,,0.23,0.69,,0.68,0.6,0.75,0.42,-0.6,1.0,-1.0,-0.75,-0.9,,,0.16,-0.71,0.17,0.4,-1.0,0.48,0.94,0.19,0.68,-1.0,0.03,-0.22,-0.01,,,-0.47,0.15,,,-0.73,,,0.78,1.0,-1.0,,,-1.0,0.31,,,1.0,0.99,,0.13,,0.64,,0.84,,,,0.2,0.96,1.0,1.0,0.94,1.0,0.32,0.56,0.84,-1.0,0.51,-0.8,,0.86,0.08,,0.76,,,0.18,-0.31,,0.14,0.81,1.0,,,,0.32,-0.25,,0.23,,0.47,,,,,0.57,0.54,0.99,,,0.67,,,0.98,0.72,,-0.51,,,,,0.02,,1.0,,0.85,1.0,1.0,1.0,,,-0.97,-0.95,,1.0
