param,paramcd,job,aval,avalu,srcdom,paramtyp
Belgium,MIN,Business Analyst,75087,,DATA JOBS,
France,MIN,Business Analyst,44496,,DATA JOBS,
Germany,MIN,Business Analyst,30797,,DATA JOBS,
Greece,MIN,Business Analyst,64890,,DATA JOBS,
Italy,MIN,Business Analyst,44496,,DATA JOBS,
Netherlands,MIN,Business Analyst,64890,,DATA JOBS,
Poland,MIN,Business Analyst,58401,,DATA JOBS,
Portugal,MIN,Business Analyst,58401,,DATA JOBS,
Romania,MIN,Business Analyst,83275,,DATA JOBS,
Spain,MIN,Business Analyst,64890,,DATA JOBS,
Sweden,MIN,Business Analyst,44496,,DATA JOBS,
,MIN,Business Analyst,57647,,DATA JOBS,MIN COUNTRY AVG
Belgium,MEDIAN,Business Analyst,91773,,DATA JOBS,
France,MEDIAN,Business Analyst,91773,,DATA JOBS,
Germany,MEDIAN,Business Analyst,91773,,DATA JOBS,
Greece,MEDIAN,Business Analyst,64890,,DATA JOBS,
Italy,MEDIAN,Business Analyst,44496,,DATA JOBS,
Netherlands,MEDIAN,Business Analyst,91773,,DATA JOBS,
Poland,MEDIAN,Business Analyst,89661,,DATA JOBS,
Portugal,MEDIAN,Business Analyst,75087,,DATA JOBS,
Romania,MEDIAN,Business Analyst,83275,,DATA JOBS,
Spain,MEDIAN,Business Analyst,88992,,DATA JOBS,
Sweden,MEDIAN,Business Analyst,91773,,DATA JOBS,
,MEDIAN,Business Analyst,82297,,DATA JOBS,MEDIAN COUNTRY AVG
Belgium,MEAN,Business Analyst,85098,,DATA JOBS,
France,MEAN,Business Analyst,83593,,DATA JOBS,
Germany,MEAN,Business Analyst,81917,,DATA JOBS,
Greece,MEAN,Business Analyst,68289,,DATA JOBS,
Italy,MEAN,Business Analyst,44496,,DATA JOBS,
Netherlands,MEAN,Business Analyst,88374,,DATA JOBS,
Poland,MEAN,Business Analyst,90131,,DATA JOBS,
Portugal,MEAN,Business Analyst,72254,,DATA JOBS,
Romania,MEAN,Business Analyst,83275,,DATA JOBS,
Spain,MEAN,Business Analyst,114103,,DATA JOBS,
Sweden,MEAN,Business Analyst,85843,,DATA JOBS,
,MEAN,Business Analyst,81579,,DATA JOBS,MEAN COUNTRY AVG
Belgium,MAX,Business Analyst,91773,,DATA JOBS,
France,MAX,Business Analyst,114510,,DATA JOBS,
Germany,MAX,Business Analyst,129780,,DATA JOBS,
Greece,MAX,Business Analyst,75087,,DATA JOBS,
Italy,MAX,Business Analyst,44496,,DATA JOBS,
Netherlands,MAX,Business Analyst,108459,,DATA JOBS,
Poland,MAX,Business Analyst,158105,,DATA JOBS,
Portugal,MAX,Business Analyst,83275,,DATA JOBS,
Romania,MAX,Business Analyst,83275,,DATA JOBS,
Spain,MAX,Business Analyst,190550,,DATA JOBS,
Sweden,MAX,Business Analyst,127205,,DATA JOBS,
,MAX,Business Analyst,109683,,DATA JOBS,MAX COUNTRY AVG
Belgium,STD,Business Analyst,9139,,DATA JOBS,
France,STD,Business Analyst,35716,,DATA JOBS,
Germany,STD,Business Analyst,27193,,DATA JOBS,
Greece,STD,Business Analyst,5887,,DATA JOBS,
Netherlands,STD,Business Analyst,21982,,DATA JOBS,
Poland,STD,Business Analyst,30928,,DATA JOBS,
Portugal,STD,Business Analyst,12676,,DATA JOBS,
Spain,STD,Business Analyst,58172,,DATA JOBS,
Sweden,STD,Business Analyst,25738,,DATA JOBS,
,STD,Business Analyst,25270,,DATA JOBS,STD COUNTRY AVG
Belgium,N,Business Analyst,5,,DATA JOBS,
France,N,Business Analyst,3,,DATA JOBS,
Germany,N,Business Analyst,11,,DATA JOBS,
Greece,N,Business Analyst,3,,DATA JOBS,
Italy,N,Business Analyst,1,,DATA JOBS,
Netherlands,N,Business Analyst,3,,DATA JOBS,
Poland,N,Business Analyst,8,,DATA JOBS,
Portugal,N,Business Analyst,3,,DATA JOBS,
Romania,N,Business Analyst,1,,DATA JOBS,
Spain,N,Business Analyst,5,,DATA JOBS,
Sweden,N,Business Analyst,7,,DATA JOBS,
,N,Business Analyst,50,,DATA JOBS,N OVERALL
France,MIN,Cloud Engineer,109147,,DATA JOBS,
Germany,MIN,Cloud Engineer,83275,,DATA JOBS,
Hungary,MIN,Cloud Engineer,91773,,DATA JOBS,
Poland,MIN,Cloud Engineer,58401,,DATA JOBS,
Romania,MIN,Cloud Engineer,58401,,DATA JOBS,
Spain,MIN,Cloud Engineer,58401,,DATA JOBS,
,MIN,Cloud Engineer,76566,,DATA JOBS,MIN COUNTRY AVG
France,MEDIAN,Cloud Engineer,109147,,DATA JOBS,
Germany,MEDIAN,Cloud Engineer,91773,,DATA JOBS,
Hungary,MEDIAN,Cloud Engineer,91773,,DATA JOBS,
Poland,MEDIAN,Cloud Engineer,86674,,DATA JOBS,
Romania,MEDIAN,Cloud Engineer,58401,,DATA JOBS,
Spain,MEDIAN,Cloud Engineer,91773,,DATA JOBS,
,MEDIAN,Cloud Engineer,88256,,DATA JOBS,MEDIAN COUNTRY AVG
France,MEAN,Cloud Engineer,109147,,DATA JOBS,
Germany,MEAN,Cloud Engineer,123195,,DATA JOBS,
Hungary,MEAN,Cloud Engineer,91773,,DATA JOBS,
Poland,MEAN,Cloud Engineer,104373,,DATA JOBS,
Romania,MEAN,Cloud Engineer,58401,,DATA JOBS,
Spain,MEAN,Cloud Engineer,93061,,DATA JOBS,
,MEAN,Cloud Engineer,96658,,DATA JOBS,MEAN COUNTRY AVG
France,MAX,Cloud Engineer,109147,,DATA JOBS,
Germany,MAX,Cloud Engineer,206000,,DATA JOBS,
Hungary,MAX,Cloud Engineer,91773,,DATA JOBS,
Poland,MAX,Cloud Engineer,227630,,DATA JOBS,
Romania,MAX,Cloud Engineer,58401,,DATA JOBS,
Spain,MAX,Cloud Engineer,129010,,DATA JOBS,
,MAX,Cloud Engineer,136993,,DATA JOBS,MAX COUNTRY AVG
Germany,STD,Cloud Engineer,56651,,DATA JOBS,
Poland,STD,Cloud Engineer,61645,,DATA JOBS,
Spain,STD,Cloud Engineer,35322,,DATA JOBS,
,STD,Cloud Engineer,51206,,DATA JOBS,STD COUNTRY AVG
France,N,Cloud Engineer,1,,DATA JOBS,
Germany,N,Cloud Engineer,7,,DATA JOBS,
Hungary,N,Cloud Engineer,1,,DATA JOBS,
Poland,N,Cloud Engineer,6,,DATA JOBS,
Romania,N,Cloud Engineer,1,,DATA JOBS,
Spain,N,Cloud Engineer,3,,DATA JOBS,
,N,Cloud Engineer,19,,DATA JOBS,N OVERALL
Belgium,MIN,Data Analyst,56637,,DATA JOBS,
Denmark,MIN,Data Analyst,58401,,DATA JOBS,
Finland,MIN,Data Analyst,74160,,DATA JOBS,
France,MIN,Data Analyst,46350,,DATA JOBS,
Germany,MIN,Data Analyst,52544,,DATA JOBS,
Greece,MIN,Data Analyst,54604,,DATA JOBS,
Hungary,MIN,Data Analyst,51053,,DATA JOBS,
Ireland,MIN,Data Analyst,44496,,DATA JOBS,
Italy,MIN,Data Analyst,46350,,DATA JOBS,
Netherlands,MIN,Data Analyst,54604,,DATA JOBS,
Poland,MIN,Data Analyst,44496,,DATA JOBS,
Portugal,MIN,Data Analyst,52544,,DATA JOBS,
Romania,MIN,Data Analyst,44496,,DATA JOBS,
Spain,MIN,Data Analyst,52544,,DATA JOBS,
Sweden,MIN,Data Analyst,46350,,DATA JOBS,
,MIN,Data Analyst,51975,,DATA JOBS,MIN COUNTRY AVG
Belgium,MEDIAN,Data Analyst,80297,,DATA JOBS,
Denmark,MEDIAN,Data Analyst,91773,,DATA JOBS,
Finland,MEDIAN,Data Analyst,108819,,DATA JOBS,
France,MEDIAN,Data Analyst,71250,,DATA JOBS,
Germany,MEDIAN,Data Analyst,106862,,DATA JOBS,
Greece,MEDIAN,Data Analyst,102485,,DATA JOBS,
Hungary,MEDIAN,Data Analyst,83275,,DATA JOBS,
Ireland,MEDIAN,Data Analyst,101455,,DATA JOBS,
Italy,MEDIAN,Data Analyst,54604,,DATA JOBS,
Netherlands,MEDIAN,Data Analyst,96667,,DATA JOBS,
Poland,MEDIAN,Data Analyst,91773,,DATA JOBS,
Portugal,MEDIAN,Data Analyst,91773,,DATA JOBS,
Romania,MEDIAN,Data Analyst,75087,,DATA JOBS,
Spain,MEDIAN,Data Analyst,94736,,DATA JOBS,
Sweden,MEDIAN,Data Analyst,108819,,DATA JOBS,
,MEDIAN,Data Analyst,90645,,DATA JOBS,MEDIAN COUNTRY AVG
Belgium,MEAN,Data Analyst,99287,,DATA JOBS,
Denmark,MEAN,Data Analyst,81761,,DATA JOBS,
Finland,MEAN,Data Analyst,111353,,DATA JOBS,
France,MEAN,Data Analyst,84022,,DATA JOBS,
Germany,MEAN,Data Analyst,104609,,DATA JOBS,
Greece,MEAN,Data Analyst,115033,,DATA JOBS,
Hungary,MEAN,Data Analyst,90438,,DATA JOBS,
Ireland,MEAN,Data Analyst,106422,,DATA JOBS,
Italy,MEAN,Data Analyst,76018,,DATA JOBS,
Netherlands,MEAN,Data Analyst,101226,,DATA JOBS,
Poland,MEAN,Data Analyst,90130,,DATA JOBS,
Portugal,MEAN,Data Analyst,96831,,DATA JOBS,
Romania,MEAN,Data Analyst,76552,,DATA JOBS,
Spain,MEAN,Data Analyst,94422,,DATA JOBS,
Sweden,MEAN,Data Analyst,100933,,DATA JOBS,
,MEAN,Data Analyst,95269,,DATA JOBS,MEAN COUNTRY AVG
Belgium,MAX,Data Analyst,169950,,DATA JOBS,
Denmark,MAX,Data Analyst,91773,,DATA JOBS,
Finland,MAX,Data Analyst,169950,,DATA JOBS,
France,MAX,Data Analyst,206000,,DATA JOBS,
Germany,MAX,Data Analyst,206000,,DATA JOBS,
Greece,MAX,Data Analyst,206000,,DATA JOBS,
Hungary,MAX,Data Analyst,159650,,DATA JOBS,
Ireland,MAX,Data Analyst,200335,,DATA JOBS,
Italy,MAX,Data Analyst,114510,,DATA JOBS,
Netherlands,MAX,Data Analyst,182601,,DATA JOBS,
Poland,MAX,Data Analyst,169950,,DATA JOBS,
Portugal,MAX,Data Analyst,169950,,DATA JOBS,
Romania,MAX,Data Analyst,112393,,DATA JOBS,
Spain,MAX,Data Analyst,159650,,DATA JOBS,
Sweden,MAX,Data Analyst,121684,,DATA JOBS,
,MAX,Data Analyst,162693,,DATA JOBS,MAX COUNTRY AVG
Belgium,STD,Data Analyst,46066,,DATA JOBS,
Denmark,STD,Data Analyst,14924,,DATA JOBS,
Finland,STD,Data Analyst,40128,,DATA JOBS,
France,STD,Data Analyst,34161,,DATA JOBS,
Germany,STD,Data Analyst,41485,,DATA JOBS,
Greece,STD,Data Analyst,41499,,DATA JOBS,
Hungary,STD,Data Analyst,32702,,DATA JOBS,
Ireland,STD,Data Analyst,40409,,DATA JOBS,
Italy,STD,Data Analyst,27551,,DATA JOBS,
Netherlands,STD,Data Analyst,34295,,DATA JOBS,
Poland,STD,Data Analyst,30773,,DATA JOBS,
Portugal,STD,Data Analyst,31436,,DATA JOBS,
Romania,STD,Data Analyst,25376,,DATA JOBS,
Spain,STD,Data Analyst,24423,,DATA JOBS,
Sweden,STD,Data Analyst,22869,,DATA JOBS,
,STD,Data Analyst,32540,,DATA JOBS,STD COUNTRY AVG
Belgium,N,Data Analyst,20,,DATA JOBS,
Denmark,N,Data Analyst,5,,DATA JOBS,
Finland,N,Data Analyst,5,,DATA JOBS,
France,N,Data Analyst,50,,DATA JOBS,
Germany,N,Data Analyst,48,,DATA JOBS,
Greece,N,Data Analyst,16,,DATA JOBS,
Hungary,N,Data Analyst,18,,DATA JOBS,
Ireland,N,Data Analyst,19,,DATA JOBS,
Italy,N,Data Analyst,11,,DATA JOBS,
Netherlands,N,Data Analyst,20,,DATA JOBS,
Poland,N,Data Analyst,43,,DATA JOBS,
Portugal,N,Data Analyst,37,,DATA JOBS,
Romania,N,Data Analyst,12,,DATA JOBS,
Spain,N,Data Analyst,30,,DATA JOBS,
Sweden,N,Data Analyst,9,,DATA JOBS,
,N,Data Analyst,343,,DATA JOBS,N OVERALL
Belgium,MIN,Data Engineer,58401,,DATA JOBS,
Denmark,MIN,Data Engineer,99676,,DATA JOBS,
Finland,MIN,Data Engineer,91773,,DATA JOBS,
France,MIN,Data Engineer,46350,,DATA JOBS,
Germany,MIN,Data Engineer,58401,,DATA JOBS,
Greece,MIN,Data Engineer,46350,,DATA JOBS,
Hungary,MIN,Data Engineer,99676,,DATA JOBS,
Ireland,MIN,Data Engineer,91773,,DATA JOBS,
Italy,MIN,Data Engineer,91773,,DATA JOBS,
Netherlands,MIN,Data Engineer,91773,,DATA JOBS,
Poland,MIN,Data Engineer,46350,,DATA JOBS,
Portugal,MIN,Data Engineer,83275,,DATA JOBS,
Romania,MIN,Data Engineer,46350,,DATA JOBS,
Spain,MIN,Data Engineer,58195,,DATA JOBS,
Sweden,MIN,Data Engineer,61800,,DATA JOBS,
,MIN,Data Engineer,71461,,DATA JOBS,MIN COUNTRY AVG
Belgium,MEDIAN,Data Engineer,101250,,DATA JOBS,
Denmark,MEDIAN,Data Engineer,125800,,DATA JOBS,
Finland,MEDIAN,Data Engineer,99676,,DATA JOBS,
France,MEDIAN,Data Engineer,101250,,DATA JOBS,
Germany,MEDIAN,Data Engineer,151925,,DATA JOBS,
Greece,MEDIAN,Data Engineer,99676,,DATA JOBS,
Hungary,MEDIAN,Data Engineer,151925,,DATA JOBS,
Ireland,MEDIAN,Data Engineer,151925,,DATA JOBS,
Italy,MEDIAN,Data Engineer,100367,,DATA JOBS,
Netherlands,MEDIAN,Data Engineer,100367,,DATA JOBS,
Poland,MEDIAN,Data Engineer,137505,,DATA JOBS,
Portugal,MEDIAN,Data Engineer,129563,,DATA JOBS,
Romania,MEDIAN,Data Engineer,100799,,DATA JOBS,
Spain,MEDIAN,Data Engineer,136990,,DATA JOBS,
Sweden,MEDIAN,Data Engineer,137886,,DATA JOBS,
,MEDIAN,Data Engineer,121793,,DATA JOBS,MEDIAN COUNTRY AVG
Belgium,MEAN,Data Engineer,110675,,DATA JOBS,
Denmark,MEAN,Data Engineer,125800,,DATA JOBS,
Finland,MEAN,Data Engineer,96829,,DATA JOBS,
France,MEAN,Data Engineer,119210,,DATA JOBS,
Germany,MEAN,Data Engineer,134184,,DATA JOBS,
Greece,MEAN,Data Engineer,100228,,DATA JOBS,
Hungary,MEAN,Data Engineer,136830,,DATA JOBS,
Ireland,MEAN,Data Engineer,133707,,DATA JOBS,
Italy,MEAN,Data Engineer,114987,,DATA JOBS,
Netherlands,MEAN,Data Engineer,110828,,DATA JOBS,
Poland,MEAN,Data Engineer,121340,,DATA JOBS,
Portugal,MEAN,Data Engineer,125328,,DATA JOBS,
Romania,MEAN,Data Engineer,106303,,DATA JOBS,
Spain,MEAN,Data Engineer,120279,,DATA JOBS,
Sweden,MEAN,Data Engineer,136364,,DATA JOBS,
,MEAN,Data Engineer,119526,,DATA JOBS,MEAN COUNTRY AVG
Belgium,MAX,Data Engineer,151925,,DATA JOBS,
Denmark,MAX,Data Engineer,151925,,DATA JOBS,
Finland,MAX,Data Engineer,101250,,DATA JOBS,
France,MAX,Data Engineer,256470,,DATA JOBS,
Germany,MAX,Data Engineer,206000,,DATA JOBS,
Greece,MAX,Data Engineer,151925,,DATA JOBS,
Hungary,MAX,Data Engineer,151925,,DATA JOBS,
Ireland,MAX,Data Engineer,151925,,DATA JOBS,
Italy,MAX,Data Engineer,158620,,DATA JOBS,
Netherlands,MAX,Data Engineer,180250,,DATA JOBS,
Poland,MAX,Data Engineer,169435,,DATA JOBS,
Portugal,MAX,Data Engineer,158105,,DATA JOBS,
Romania,MAX,Data Engineer,151925,,DATA JOBS,
Spain,MAX,Data Engineer,169950,,DATA JOBS,
Sweden,MAX,Data Engineer,256470,,DATA JOBS,
,MAX,Data Engineer,171206,,DATA JOBS,MAX COUNTRY AVG
Belgium,STD,Data Engineer,30231,,DATA JOBS,
Denmark,STD,Data Engineer,36945,,DATA JOBS,
Finland,STD,Data Engineer,4660,,DATA JOBS,
France,STD,Data Engineer,34718,,DATA JOBS,
Germany,STD,Data Engineer,39982,,DATA JOBS,
Greece,STD,Data Engineer,33161,,DATA JOBS,
Hungary,STD,Data Engineer,21557,,DATA JOBS,
Ireland,STD,Data Engineer,27430,,DATA JOBS,
Italy,STD,Data Engineer,26174,,DATA JOBS,
Netherlands,STD,Data Engineer,25754,,DATA JOBS,
Poland,STD,Data Engineer,40993,,DATA JOBS,
Portugal,STD,Data Engineer,27454,,DATA JOBS,
Romania,STD,Data Engineer,36884,,DATA JOBS,
Spain,STD,Data Engineer,35158,,DATA JOBS,
Sweden,STD,Data Engineer,58181,,DATA JOBS,
,STD,Data Engineer,31952,,DATA JOBS,STD COUNTRY AVG
Belgium,N,Data Engineer,11,,DATA JOBS,
Denmark,N,Data Engineer,2,,DATA JOBS,
Finland,N,Data Engineer,5,,DATA JOBS,
France,N,Data Engineer,62,,DATA JOBS,
Germany,N,Data Engineer,39,,DATA JOBS,
Greece,N,Data Engineer,24,,DATA JOBS,
Hungary,N,Data Engineer,13,,DATA JOBS,
Ireland,N,Data Engineer,9,,DATA JOBS,
Italy,N,Data Engineer,12,,DATA JOBS,
Netherlands,N,Data Engineer,23,,DATA JOBS,
Poland,N,Data Engineer,46,,DATA JOBS,
Portugal,N,Data Engineer,30,,DATA JOBS,
Romania,N,Data Engineer,6,,DATA JOBS,
Spain,N,Data Engineer,35,,DATA JOBS,
Sweden,N,Data Engineer,8,,DATA JOBS,
,N,Data Engineer,325,,DATA JOBS,N OVERALL
Belgium,MIN,Data Scientist,58401,,DATA JOBS,
Denmark,MIN,Data Scientist,58401,,DATA JOBS,
Finland,MIN,Data Scientist,83275,,DATA JOBS,
France,MIN,Data Scientist,51912,,DATA JOBS,
Germany,MIN,Data Scientist,58401,,DATA JOBS,
Greece,MIN,Data Scientist,52600,,DATA JOBS,
Hungary,MIN,Data Scientist,58401,,DATA JOBS,
Ireland,MIN,Data Scientist,55018,,DATA JOBS,
Italy,MIN,Data Scientist,58401,,DATA JOBS,
Netherlands,MIN,Data Scientist,91773,,DATA JOBS,
Poland,MIN,Data Scientist,44496,,DATA JOBS,
Portugal,MIN,Data Scientist,72061,,DATA JOBS,
Romania,MIN,Data Scientist,58401,,DATA JOBS,
Spain,MIN,Data Scientist,58401,,DATA JOBS,
Sweden,MIN,Data Scientist,83430,,DATA JOBS,
,MIN,Data Scientist,62891,,DATA JOBS,MIN COUNTRY AVG
Belgium,MEDIAN,Data Scientist,126999,,DATA JOBS,
Denmark,MEDIAN,Data Scientist,112785,,DATA JOBS,
Finland,MEDIAN,Data Scientist,118740,,DATA JOBS,
France,MEDIAN,Data Scientist,90771,,DATA JOBS,
Germany,MEDIAN,Data Scientist,135506,,DATA JOBS,
Greece,MEDIAN,Data Scientist,92581,,DATA JOBS,
Hungary,MEDIAN,Data Scientist,91773,,DATA JOBS,
Ireland,MEDIAN,Data Scientist,105111,,DATA JOBS,
Italy,MEDIAN,Data Scientist,91272,,DATA JOBS,
Netherlands,MEDIAN,Data Scientist,162225,,DATA JOBS,
Poland,MEDIAN,Data Scientist,135823,,DATA JOBS,
Portugal,MEDIAN,Data Scientist,157075,,DATA JOBS,
Romania,MEDIAN,Data Scientist,124630,,DATA JOBS,
Spain,MEDIAN,Data Scientist,90771,,DATA JOBS,
Sweden,MEDIAN,Data Scientist,162225,,DATA JOBS,
,MEDIAN,Data Scientist,119886,,DATA JOBS,MEDIAN COUNTRY AVG
Belgium,MEAN,Data Scientist,122577,,DATA JOBS,
Denmark,MEAN,Data Scientist,116342,,DATA JOBS,
Finland,MEAN,Data Scientist,120745,,DATA JOBS,
France,MEAN,Data Scientist,102076,,DATA JOBS,
Germany,MEAN,Data Scientist,120778,,DATA JOBS,
Greece,MEAN,Data Scientist,100451,,DATA JOBS,
Hungary,MEAN,Data Scientist,100688,,DATA JOBS,
Ireland,MEAN,Data Scientist,114941,,DATA JOBS,
Italy,MEAN,Data Scientist,99787,,DATA JOBS,
Netherlands,MEAN,Data Scientist,139444,,DATA JOBS,
Poland,MEAN,Data Scientist,124071,,DATA JOBS,
Portugal,MEAN,Data Scientist,136835,,DATA JOBS,
Romania,MEAN,Data Scientist,112843,,DATA JOBS,
Spain,MEAN,Data Scientist,95965,,DATA JOBS,
Sweden,MEAN,Data Scientist,137456,,DATA JOBS,
,MEAN,Data Scientist,116333,,DATA JOBS,MEAN COUNTRY AVG
Belgium,MAX,Data Scientist,162225,,DATA JOBS,
Denmark,MAX,Data Scientist,171412,,DATA JOBS,
Finland,MAX,Data Scientist,162225,,DATA JOBS,
France,MAX,Data Scientist,171412,,DATA JOBS,
Germany,MAX,Data Scientist,197760,,DATA JOBS,
Greece,MAX,Data Scientist,176254,,DATA JOBS,
Hungary,MAX,Data Scientist,162225,,DATA JOBS,
Ireland,MAX,Data Scientist,171412,,DATA JOBS,
Italy,MAX,Data Scientist,162225,,DATA JOBS,
Netherlands,MAX,Data Scientist,175692,,DATA JOBS,
Poland,MAX,Data Scientist,192535,,DATA JOBS,
Portugal,MAX,Data Scientist,171412,,DATA JOBS,
Romania,MAX,Data Scientist,151925,,DATA JOBS,
Spain,MAX,Data Scientist,169950,,DATA JOBS,
Sweden,MAX,Data Scientist,162225,,DATA JOBS,
,MAX,Data Scientist,170726,,DATA JOBS,MAX COUNTRY AVG
Belgium,STD,Data Scientist,43717,,DATA JOBS,
Denmark,STD,Data Scientist,38069,,DATA JOBS,
Finland,STD,Data Scientist,32677,,DATA JOBS,
France,STD,Data Scientist,40991,,DATA JOBS,
Germany,STD,Data Scientist,47769,,DATA JOBS,
Greece,STD,Data Scientist,31728,,DATA JOBS,
Hungary,STD,Data Scientist,38032,,DATA JOBS,
Ireland,STD,Data Scientist,45052,,DATA JOBS,
Italy,STD,Data Scientist,38450,,DATA JOBS,
Netherlands,STD,Data Scientist,32089,,DATA JOBS,
Poland,STD,Data Scientist,40280,,DATA JOBS,
Portugal,STD,Data Scientist,34230,,DATA JOBS,
Romania,STD,Data Scientist,37560,,DATA JOBS,
Spain,STD,Data Scientist,32956,,DATA JOBS,
Sweden,STD,Data Scientist,34917,,DATA JOBS,
,STD,Data Scientist,37901,,DATA JOBS,STD COUNTRY AVG
Belgium,N,Data Scientist,8,,DATA JOBS,
Denmark,N,Data Scientist,7,,DATA JOBS,
Finland,N,Data Scientist,4,,DATA JOBS,
France,N,Data Scientist,57,,DATA JOBS,
Germany,N,Data Scientist,41,,DATA JOBS,
Greece,N,Data Scientist,12,,DATA JOBS,
Hungary,N,Data Scientist,13,,DATA JOBS,
Ireland,N,Data Scientist,6,,DATA JOBS,
Italy,N,Data Scientist,12,,DATA JOBS,
Netherlands,N,Data Scientist,17,,DATA JOBS,
Poland,N,Data Scientist,29,,DATA JOBS,
Portugal,N,Data Scientist,22,,DATA JOBS,
Romania,N,Data Scientist,7,,DATA JOBS,
Spain,N,Data Scientist,20,,DATA JOBS,
Sweden,N,Data Scientist,7,,DATA JOBS,
,N,Data Scientist,262,,DATA JOBS,N OVERALL
Belgium,MIN,Machine Learning Engineer,75087,,DATA JOBS,
Denmark,MIN,Machine Learning Engineer,108459,,DATA JOBS,
Finland,MIN,Machine Learning Engineer,91773,,DATA JOBS,
France,MIN,Machine Learning Engineer,58401,,DATA JOBS,
Germany,MIN,Machine Learning Engineer,45751,,DATA JOBS,
Greece,MIN,Machine Learning Engineer,75087,,DATA JOBS,
Hungary,MIN,Machine Learning Engineer,58401,,DATA JOBS,
Ireland,MIN,Machine Learning Engineer,75087,,DATA JOBS,
Italy,MIN,Machine Learning Engineer,75087,,DATA JOBS,
Netherlands,MIN,Machine Learning Engineer,71070,,DATA JOBS,
Poland,MIN,Machine Learning Engineer,58401,,DATA JOBS,
Portugal,MIN,Machine Learning Engineer,75087,,DATA JOBS,
Romania,MIN,Machine Learning Engineer,91773,,DATA JOBS,
Spain,MIN,Machine Learning Engineer,44496,,DATA JOBS,
Sweden,MIN,Machine Learning Engineer,83275,,DATA JOBS,
,MIN,Machine Learning Engineer,72482,,DATA JOBS,MIN COUNTRY AVG
Belgium,MEDIAN,Machine Learning Engineer,91773,,DATA JOBS,
Denmark,MEDIAN,Machine Learning Engineer,139719,,DATA JOBS,
Finland,MEDIAN,Machine Learning Engineer,158105,,DATA JOBS,
France,MEDIAN,Machine Learning Engineer,83275,,DATA JOBS,
Germany,MEDIAN,Machine Learning Engineer,91773,,DATA JOBS,
Greece,MEDIAN,Machine Learning Engineer,104059,,DATA JOBS,
Hungary,MEDIAN,Machine Learning Engineer,83275,,DATA JOBS,
Ireland,MEDIAN,Machine Learning Engineer,170980,,DATA JOBS,
Italy,MEDIAN,Machine Learning Engineer,91773,,DATA JOBS,
Netherlands,MEDIAN,Machine Learning Engineer,126484,,DATA JOBS,
Poland,MEDIAN,Machine Learning Engineer,91773,,DATA JOBS,
Portugal,MEDIAN,Machine Learning Engineer,170980,,DATA JOBS,
Romania,MEDIAN,Machine Learning Engineer,170980,,DATA JOBS,
Spain,MEDIAN,Machine Learning Engineer,104059,,DATA JOBS,
Sweden,MEDIAN,Machine Learning Engineer,145230,,DATA JOBS,
,MEDIAN,Machine Learning Engineer,121616,,DATA JOBS,MEDIAN COUNTRY AVG
Belgium,MEAN,Machine Learning Engineer,86377,,DATA JOBS,
Denmark,MEAN,Machine Learning Engineer,139719,,DATA JOBS,
Finland,MEAN,Machine Learning Engineer,149762,,DATA JOBS,
France,MEAN,Machine Learning Engineer,93857,,DATA JOBS,
Germany,MEAN,Machine Learning Engineer,117299,,DATA JOBS,
Greece,MEAN,Machine Learning Engineer,118965,,DATA JOBS,
Hungary,MEAN,Machine Learning Engineer,112424,,DATA JOBS,
Ireland,MEAN,Machine Learning Engineer,139441,,DATA JOBS,
Italy,MEAN,Machine Learning Engineer,91556,,DATA JOBS,
Netherlands,MEAN,Machine Learning Engineer,130333,,DATA JOBS,
Poland,MEAN,Machine Learning Engineer,115062,,DATA JOBS,
Portugal,MEAN,Machine Learning Engineer,145196,,DATA JOBS,
Romania,MEAN,Machine Learning Engineer,144577,,DATA JOBS,
Spain,MEAN,Machine Learning Engineer,116342,,DATA JOBS,
Sweden,MEAN,Machine Learning Engineer,133161,,DATA JOBS,
,MEAN,Machine Learning Engineer,122271,,DATA JOBS,MEAN COUNTRY AVG
Belgium,MAX,Machine Learning Engineer,104059,,DATA JOBS,
Denmark,MAX,Machine Learning Engineer,170980,,DATA JOBS,
Finland,MAX,Machine Learning Engineer,191065,,DATA JOBS,
France,MAX,Machine Learning Engineer,170980,,DATA JOBS,
Germany,MAX,Machine Learning Engineer,231235,,DATA JOBS,
Greece,MAX,Machine Learning Engineer,182601,,DATA JOBS,
Hungary,MAX,Machine Learning Engineer,191065,,DATA JOBS,
Ireland,MAX,Machine Learning Engineer,170980,,DATA JOBS,
Italy,MAX,Machine Learning Engineer,107808,,DATA JOBS,
Netherlands,MAX,Machine Learning Engineer,231750,,DATA JOBS,
Poland,MAX,Machine Learning Engineer,191580,,DATA JOBS,
Portugal,MAX,Machine Learning Engineer,195185,,DATA JOBS,
Romania,MAX,Machine Learning Engineer,170980,,DATA JOBS,
Spain,MAX,Machine Learning Engineer,231750,,DATA JOBS,
Sweden,MAX,Machine Learning Engineer,170980,,DATA JOBS,
,MAX,Machine Learning Engineer,180866,,DATA JOBS,MAX COUNTRY AVG
Belgium,STD,Machine Learning Engineer,11419,,DATA JOBS,
Denmark,STD,Machine Learning Engineer,44209,,DATA JOBS,
Finland,STD,Machine Learning Engineer,42970,,DATA JOBS,
France,STD,Machine Learning Engineer,37705,,DATA JOBS,
Germany,STD,Machine Learning Engineer,53358,,DATA JOBS,
Greece,STD,Machine Learning Engineer,37173,,DATA JOBS,
Hungary,STD,Machine Learning Engineer,63835,,DATA JOBS,
Ireland,STD,Machine Learning Engineer,44836,,DATA JOBS,
Italy,STD,Machine Learning Engineer,16361,,DATA JOBS,
Netherlands,STD,Machine Learning Engineer,54568,,DATA JOBS,
Poland,STD,Machine Learning Engineer,38974,,DATA JOBS,
Portugal,STD,Machine Learning Engineer,46622,,DATA JOBS,
Romania,STD,Machine Learning Engineer,45730,,DATA JOBS,
Spain,STD,Machine Learning Engineer,51591,,DATA JOBS,
Sweden,STD,Machine Learning Engineer,45080,,DATA JOBS,
,STD,Machine Learning Engineer,42295,,DATA JOBS,STD COUNTRY AVG
Belgium,N,Machine Learning Engineer,7,,DATA JOBS,
Denmark,N,Machine Learning Engineer,2,,DATA JOBS,
Finland,N,Machine Learning Engineer,4,,DATA JOBS,
France,N,Machine Learning Engineer,17,,DATA JOBS,
Germany,N,Machine Learning Engineer,39,,DATA JOBS,
Greece,N,Machine Learning Engineer,14,,DATA JOBS,
Hungary,N,Machine Learning Engineer,5,,DATA JOBS,
Ireland,N,Machine Learning Engineer,5,,DATA JOBS,
Italy,N,Machine Learning Engineer,3,,DATA JOBS,
Netherlands,N,Machine Learning Engineer,12,,DATA JOBS,
Poland,N,Machine Learning Engineer,23,,DATA JOBS,
Portugal,N,Machine Learning Engineer,14,,DATA JOBS,
Romania,N,Machine Learning Engineer,3,,DATA JOBS,
Spain,N,Machine Learning Engineer,16,,DATA JOBS,
Sweden,N,Machine Learning Engineer,3,,DATA JOBS,
,N,Machine Learning Engineer,167,,DATA JOBS,N OVERALL
Finland,MIN,Senior Data Analyst,103515,,DATA JOBS,
France,MIN,Senior Data Analyst,51053,,DATA JOBS,
Germany,MIN,Senior Data Analyst,59328,,DATA JOBS,
Hungary,MIN,Senior Data Analyst,88992,,DATA JOBS,
Ireland,MIN,Senior Data Analyst,75087,,DATA JOBS,
Italy,MIN,Senior Data Analyst,91773,,DATA JOBS,
Netherlands,MIN,Senior Data Analyst,114510,,DATA JOBS,
Poland,MIN,Senior Data Analyst,88992,,DATA JOBS,
Portugal,MIN,Senior Data Analyst,114510,,DATA JOBS,
Romania,MIN,Senior Data Analyst,88992,,DATA JOBS,
Spain,MIN,Senior Data Analyst,91773,,DATA JOBS,
Sweden,MIN,Senior Data Analyst,51053,,DATA JOBS,
,MIN,Senior Data Analyst,84964,,DATA JOBS,MIN COUNTRY AVG
Finland,MEDIAN,Senior Data Analyst,114510,,DATA JOBS,
France,MEDIAN,Senior Data Analyst,114510,,DATA JOBS,
Germany,MEDIAN,Senior Data Analyst,114510,,DATA JOBS,
Hungary,MEDIAN,Senior Data Analyst,90382,,DATA JOBS,
Ireland,MEDIAN,Senior Data Analyst,121684,,DATA JOBS,
Italy,MEDIAN,Senior Data Analyst,114510,,DATA JOBS,
Netherlands,MEDIAN,Senior Data Analyst,114510,,DATA JOBS,
Poland,MEDIAN,Senior Data Analyst,114510,,DATA JOBS,
Portugal,MEDIAN,Senior Data Analyst,114510,,DATA JOBS,
Romania,MEDIAN,Senior Data Analyst,114510,,DATA JOBS,
Spain,MEDIAN,Senior Data Analyst,114510,,DATA JOBS,
Sweden,MEDIAN,Senior Data Analyst,114510,,DATA JOBS,
,MEDIAN,Senior Data Analyst,113097,,DATA JOBS,MEDIAN COUNTRY AVG
Finland,MEAN,Senior Data Analyst,110854,,DATA JOBS,
France,MEAN,Senior Data Analyst,107428,,DATA JOBS,
Germany,MEAN,Senior Data Analyst,102543,,DATA JOBS,
Hungary,MEAN,Senior Data Analyst,90382,,DATA JOBS,
Ireland,MEAN,Senior Data Analyst,132368,,DATA JOBS,
Italy,MEAN,Senior Data Analyst,106931,,DATA JOBS,
Netherlands,MEAN,Senior Data Analyst,114510,,DATA JOBS,
Poland,MEAN,Senior Data Analyst,110944,,DATA JOBS,
Portugal,MEAN,Senior Data Analyst,114517,,DATA JOBS,
Romania,MEAN,Senior Data Analyst,129586,,DATA JOBS,
Spain,MEAN,Senior Data Analyst,110762,,DATA JOBS,
Sweden,MEAN,Senior Data Analyst,93357,,DATA JOBS,
,MEAN,Senior Data Analyst,110348,,DATA JOBS,MEAN COUNTRY AVG
Finland,MAX,Senior Data Analyst,114538,,DATA JOBS,
France,MAX,Senior Data Analyst,161195,,DATA JOBS,
Germany,MAX,Senior Data Analyst,122982,,DATA JOBS,
Hungary,MAX,Senior Data Analyst,91773,,DATA JOBS,
Ireland,MAX,Senior Data Analyst,200335,,DATA JOBS,
Italy,MAX,Senior Data Analyst,114510,,DATA JOBS,
Netherlands,MAX,Senior Data Analyst,114510,,DATA JOBS,
Poland,MAX,Senior Data Analyst,122982,,DATA JOBS,
Portugal,MAX,Senior Data Analyst,114538,,DATA JOBS,
Romania,MAX,Senior Data Analyst,200335,,DATA JOBS,
Spain,MAX,Senior Data Analyst,114510,,DATA JOBS,
Sweden,MAX,Senior Data Analyst,114510,,DATA JOBS,
,MAX,Senior Data Analyst,132226,,DATA JOBS,MAX COUNTRY AVG
Finland,STD,Senior Data Analyst,6356,,DATA JOBS,
France,STD,Senior Data Analyst,25504,,DATA JOBS,
Germany,STD,Senior Data Analyst,19945,,DATA JOBS,
Hungary,STD,Senior Data Analyst,1966,,DATA JOBS,
Ireland,STD,Senior Data Analyst,63303,,DATA JOBS,
Italy,STD,Senior Data Analyst,13127,,DATA JOBS,
Poland,STD,Senior Data Analyst,12168,,DATA JOBS,
Portugal,STD,Senior Data Analyst,13,,DATA JOBS,
Romania,STD,Senior Data Analyst,48675,,DATA JOBS,
Spain,STD,Senior Data Analyst,7995,,DATA JOBS,
Sweden,STD,Senior Data Analyst,36636,,DATA JOBS,
,STD,Senior Data Analyst,21426,,DATA JOBS,STD COUNTRY AVG
Finland,N,Senior Data Analyst,3,,DATA JOBS,
France,N,Senior Data Analyst,12,,DATA JOBS,
Germany,N,Senior Data Analyst,15,,DATA JOBS,
Hungary,N,Senior Data Analyst,2,,DATA JOBS,
Ireland,N,Senior Data Analyst,3,,DATA JOBS,
Italy,N,Senior Data Analyst,3,,DATA JOBS,
Netherlands,N,Senior Data Analyst,1,,DATA JOBS,
Poland,N,Senior Data Analyst,9,,DATA JOBS,
Portugal,N,Senior Data Analyst,4,,DATA JOBS,
Romania,N,Senior Data Analyst,4,,DATA JOBS,
Spain,N,Senior Data Analyst,9,,DATA JOBS,
Sweden,N,Senior Data Analyst,3,,DATA JOBS,
,N,Senior Data Analyst,68,,DATA JOBS,N OVERALL
Belgium,MIN,Senior Data Engineer,91773,,DATA JOBS,
Denmark,MIN,Senior Data Engineer,151925,,DATA JOBS,
Finland,MIN,Senior Data Engineer,99676,,DATA JOBS,
France,MIN,Senior Data Engineer,81576,,DATA JOBS,
Germany,MIN,Senior Data Engineer,75087,,DATA JOBS,
Greece,MIN,Senior Data Engineer,46350,,DATA JOBS,
Hungary,MIN,Senior Data Engineer,151925,,DATA JOBS,
Ireland,MIN,Senior Data Engineer,91773,,DATA JOBS,
Netherlands,MIN,Senior Data Engineer,91773,,DATA JOBS,
Poland,MIN,Senior Data Engineer,46350,,DATA JOBS,
Portugal,MIN,Senior Data Engineer,58401,,DATA JOBS,
Romania,MIN,Senior Data Engineer,91773,,DATA JOBS,
Spain,MIN,Senior Data Engineer,75087,,DATA JOBS,
Sweden,MIN,Senior Data Engineer,151925,,DATA JOBS,
,MIN,Senior Data Engineer,93242,,DATA JOBS,MIN COUNTRY AVG
Belgium,MEDIAN,Senior Data Engineer,91773,,DATA JOBS,
Denmark,MEDIAN,Senior Data Engineer,151925,,DATA JOBS,
Finland,MEDIAN,Senior Data Engineer,103913,,DATA JOBS,
France,MEDIAN,Senior Data Engineer,151925,,DATA JOBS,
Germany,MEDIAN,Senior Data Engineer,151925,,DATA JOBS,
Greece,MEDIAN,Senior Data Engineer,46350,,DATA JOBS,
Hungary,MEDIAN,Senior Data Engineer,151925,,DATA JOBS,
Ireland,MEDIAN,Senior Data Engineer,151925,,DATA JOBS,
Netherlands,MEDIAN,Senior Data Engineer,151925,,DATA JOBS,
Poland,MEDIAN,Senior Data Engineer,91773,,DATA JOBS,
Portugal,MEDIAN,Senior Data Engineer,151925,,DATA JOBS,
Romania,MEDIAN,Senior Data Engineer,121849,,DATA JOBS,
Spain,MEDIAN,Senior Data Engineer,151925,,DATA JOBS,
Sweden,MEDIAN,Senior Data Engineer,151925,,DATA JOBS,
,MEDIAN,Senior Data Engineer,130213,,DATA JOBS,MEDIAN COUNTRY AVG
Belgium,MEAN,Senior Data Engineer,91773,,DATA JOBS,
Denmark,MEAN,Senior Data Engineer,151925,,DATA JOBS,
Finland,MEAN,Senior Data Engineer,103913,,DATA JOBS,
France,MEAN,Senior Data Engineer,139741,,DATA JOBS,
Germany,MEAN,Senior Data Engineer,131379,,DATA JOBS,
Greece,MEAN,Senior Data Engineer,46350,,DATA JOBS,
Hungary,MEAN,Senior Data Engineer,151925,,DATA JOBS,
Ireland,MEAN,Senior Data Engineer,143358,,DATA JOBS,
Netherlands,MEAN,Senior Data Engineer,141542,,DATA JOBS,
Poland,MEAN,Senior Data Engineer,102298,,DATA JOBS,
Portugal,MEAN,Senior Data Engineer,122734,,DATA JOBS,
Romania,MEAN,Senior Data Engineer,121849,,DATA JOBS,
Spain,MEAN,Senior Data Engineer,127250,,DATA JOBS,
Sweden,MEAN,Senior Data Engineer,151925,,DATA JOBS,
,MEAN,Senior Data Engineer,123426,,DATA JOBS,MEAN COUNTRY AVG
Belgium,MAX,Senior Data Engineer,91773,,DATA JOBS,
Denmark,MAX,Senior Data Engineer,151925,,DATA JOBS,
Finland,MAX,Senior Data Engineer,108150,,DATA JOBS,
France,MAX,Senior Data Engineer,151925,,DATA JOBS,
Germany,MAX,Senior Data Engineer,160165,,DATA JOBS,
Greece,MAX,Senior Data Engineer,46350,,DATA JOBS,
Hungary,MAX,Senior Data Engineer,151925,,DATA JOBS,
Ireland,MAX,Senior Data Engineer,160680,,DATA JOBS,
Netherlands,MAX,Senior Data Engineer,160165,,DATA JOBS,
Poland,MAX,Senior Data Engineer,151925,,DATA JOBS,
Portugal,MAX,Senior Data Engineer,159650,,DATA JOBS,
Romania,MAX,Senior Data Engineer,151925,,DATA JOBS,
Spain,MAX,Senior Data Engineer,181795,,DATA JOBS,
Sweden,MAX,Senior Data Engineer,151925,,DATA JOBS,
,MAX,Senior Data Engineer,141448,,DATA JOBS,MAX COUNTRY AVG
Denmark,STD,Senior Data Engineer,0,,DATA JOBS,
Finland,STD,Senior Data Engineer,5991,,DATA JOBS,
France,STD,Senior Data Engineer,25453,,DATA JOBS,
Germany,STD,Senior Data Engineer,30406,,DATA JOBS,
Hungary,STD,Senior Data Engineer,0,,DATA JOBS,
Ireland,STD,Senior Data Engineer,25513,,DATA JOBS,
Netherlands,STD,Senior Data Engineer,28049,,DATA JOBS,
Poland,STD,Senior Data Engineer,41914,,DATA JOBS,
Portugal,STD,Senior Data Engineer,45178,,DATA JOBS,
Romania,STD,Senior Data Engineer,42533,,DATA JOBS,
Spain,STD,Senior Data Engineer,36835,,DATA JOBS,
Sweden,STD,Senior Data Engineer,0,,DATA JOBS,
,STD,Senior Data Engineer,23489,,DATA JOBS,STD COUNTRY AVG
Belgium,N,Senior Data Engineer,1,,DATA JOBS,
Denmark,N,Senior Data Engineer,2,,DATA JOBS,
Finland,N,Senior Data Engineer,2,,DATA JOBS,
France,N,Senior Data Engineer,15,,DATA JOBS,
Germany,N,Senior Data Engineer,26,,DATA JOBS,
Greece,N,Senior Data Engineer,1,,DATA JOBS,
Hungary,N,Senior Data Engineer,3,,DATA JOBS,
Ireland,N,Senior Data Engineer,6,,DATA JOBS,
Netherlands,N,Senior Data Engineer,5,,DATA JOBS,
Poland,N,Senior Data Engineer,9,,DATA JOBS,
Portugal,N,Senior Data Engineer,5,,DATA JOBS,
Romania,N,Senior Data Engineer,2,,DATA JOBS,
Spain,N,Senior Data Engineer,11,,DATA JOBS,
Sweden,N,Senior Data Engineer,6,,DATA JOBS,
,N,Senior Data Engineer,94,,DATA JOBS,N OVERALL
Belgium,MIN,Senior Data Scientist,58401,,DATA JOBS,
Finland,MIN,Senior Data Scientist,90771,,DATA JOBS,
France,MIN,Senior Data Scientist,91773,,DATA JOBS,
Germany,MIN,Senior Data Scientist,83275,,DATA JOBS,
Greece,MIN,Senior Data Scientist,75087,,DATA JOBS,
Hungary,MIN,Senior Data Scientist,91773,,DATA JOBS,
Ireland,MIN,Senior Data Scientist,146775,,DATA JOBS,
Italy,MIN,Senior Data Scientist,74160,,DATA JOBS,
Netherlands,MIN,Senior Data Scientist,75087,,DATA JOBS,
Poland,MIN,Senior Data Scientist,90771,,DATA JOBS,
Portugal,MIN,Senior Data Scientist,58401,,DATA JOBS,
Spain,MIN,Senior Data Scientist,46350,,DATA JOBS,
Sweden,MIN,Senior Data Scientist,151925,,DATA JOBS,
,MIN,Senior Data Scientist,87273,,DATA JOBS,MIN COUNTRY AVG
Belgium,MEDIAN,Senior Data Scientist,91773,,DATA JOBS,
Finland,MEDIAN,Senior Data Scientist,126498,,DATA JOBS,
France,MEDIAN,Senior Data Scientist,162225,,DATA JOBS,
Germany,MEDIAN,Senior Data Scientist,162225,,DATA JOBS,
Greece,MEDIAN,Senior Data Scientist,91863,,DATA JOBS,
Hungary,MEDIAN,Senior Data Scientist,91773,,DATA JOBS,
Ireland,MEDIAN,Senior Data Scientist,166602,,DATA JOBS,
Italy,MEDIAN,Senior Data Scientist,75087,,DATA JOBS,
Netherlands,MEDIAN,Senior Data Scientist,151925,,DATA JOBS,
Poland,MEDIAN,Senior Data Scientist,162225,,DATA JOBS,
Portugal,MEDIAN,Senior Data Scientist,151925,,DATA JOBS,
Spain,MEDIAN,Senior Data Scientist,162225,,DATA JOBS,
Sweden,MEDIAN,Senior Data Scientist,175615,,DATA JOBS,
,MEDIAN,Senior Data Scientist,136304,,DATA JOBS,MEDIAN COUNTRY AVG
Belgium,MEAN,Senior Data Scientist,80649,,DATA JOBS,
Finland,MEAN,Senior Data Scientist,126498,,DATA JOBS,
France,MEAN,Senior Data Scientist,146569,,DATA JOBS,
Germany,MEAN,Senior Data Scientist,153190,,DATA JOBS,
Greece,MEAN,Senior Data Scientist,117020,,DATA JOBS,
Hungary,MEAN,Senior Data Scientist,115257,,DATA JOBS,
Ireland,MEAN,Senior Data Scientist,162848,,DATA JOBS,
Italy,MEAN,Senior Data Scientist,85902,,DATA JOBS,
Netherlands,MEAN,Senior Data Scientist,129745,,DATA JOBS,
Poland,MEAN,Senior Data Scientist,136524,,DATA JOBS,
Portugal,MEAN,Senior Data Scientist,129937,,DATA JOBS,
Spain,MEAN,Senior Data Scientist,143030,,DATA JOBS,
Sweden,MEAN,Senior Data Scientist,175100,,DATA JOBS,
,MEAN,Senior Data Scientist,130944,,DATA JOBS,MEAN COUNTRY AVG
Belgium,MAX,Senior Data Scientist,91773,,DATA JOBS,
Finland,MAX,Senior Data Scientist,162225,,DATA JOBS,
France,MAX,Senior Data Scientist,162225,,DATA JOBS,
Germany,MAX,Senior Data Scientist,231235,,DATA JOBS,
Greece,MAX,Senior Data Scientist,206000,,DATA JOBS,
Hungary,MAX,Senior Data Scientist,162225,,DATA JOBS,
Ireland,MAX,Senior Data Scientist,171412,,DATA JOBS,
Italy,MAX,Senior Data Scientist,108459,,DATA JOBS,
Netherlands,MAX,Senior Data Scientist,162225,,DATA JOBS,
Poland,MAX,Senior Data Scientist,162225,,DATA JOBS,
Portugal,MAX,Senior Data Scientist,162225,,DATA JOBS,
Spain,MAX,Senior Data Scientist,217819,,DATA JOBS,
Sweden,MAX,Senior Data Scientist,197760,,DATA JOBS,
,MAX,Senior Data Scientist,169062,,DATA JOBS,MAX COUNTRY AVG
Belgium,STD,Senior Data Scientist,19267,,DATA JOBS,
Finland,STD,Senior Data Scientist,50525,,DATA JOBS,
France,STD,Senior Data Scientist,31066,,DATA JOBS,
Germany,STD,Senior Data Scientist,34645,,DATA JOBS,
Greece,STD,Senior Data Scientist,54310,,DATA JOBS,
Hungary,STD,Senior Data Scientist,40675,,DATA JOBS,
Ireland,STD,Senior Data Scientist,11521,,DATA JOBS,
Italy,STD,Senior Data Scientist,19540,,DATA JOBS,
Netherlands,STD,Senior Data Scientist,47615,,DATA JOBS,
Poland,STD,Senior Data Scientist,33703,,DATA JOBS,
Portugal,STD,Senior Data Scientist,39096,,DATA JOBS,
Spain,STD,Senior Data Scientist,60255,,DATA JOBS,
Sweden,STD,Senior Data Scientist,22921,,DATA JOBS,
,STD,Senior Data Scientist,35780,,DATA JOBS,STD COUNTRY AVG
Belgium,N,Senior Data Scientist,3,,DATA JOBS,
Finland,N,Senior Data Scientist,2,,DATA JOBS,
France,N,Senior Data Scientist,9,,DATA JOBS,
Germany,N,Senior Data Scientist,21,,DATA JOBS,
Greece,N,Senior Data Scientist,6,,DATA JOBS,
Hungary,N,Senior Data Scientist,3,,DATA JOBS,
Ireland,N,Senior Data Scientist,4,,DATA JOBS,
Italy,N,Senior Data Scientist,3,,DATA JOBS,
Netherlands,N,Senior Data Scientist,3,,DATA JOBS,
Poland,N,Senior Data Scientist,12,,DATA JOBS,
Portugal,N,Senior Data Scientist,11,,DATA JOBS,
Spain,N,Senior Data Scientist,7,,DATA JOBS,
Sweden,N,Senior Data Scientist,3,,DATA JOBS,
,N,Senior Data Scientist,87,,DATA JOBS,N OVERALL
Belgium,MIN,Software Engineer,45751,,DATA JOBS,
Finland,MIN,Software Engineer,77250,,DATA JOBS,
France,MIN,Software Engineer,45751,,DATA JOBS,
Germany,MIN,Software Engineer,58401,,DATA JOBS,
Greece,MIN,Software Engineer,58401,,DATA JOBS,
Hungary,MIN,Software Engineer,58401,,DATA JOBS,
Ireland,MIN,Software Engineer,91773,,DATA JOBS,
Italy,MIN,Software Engineer,84975,,DATA JOBS,
Netherlands,MIN,Software Engineer,58401,,DATA JOBS,
Poland,MIN,Software Engineer,67742,,DATA JOBS,
Portugal,MIN,Software Engineer,91773,,DATA JOBS,
Romania,MIN,Software Engineer,44496,,DATA JOBS,
Spain,MIN,Software Engineer,58401,,DATA JOBS,
Sweden,MIN,Software Engineer,161195,,DATA JOBS,
,MIN,Software Engineer,71622,,DATA JOBS,MIN COUNTRY AVG
Belgium,MEDIAN,Software Engineer,60419,,DATA JOBS,
Finland,MEDIAN,Software Engineer,77250,,DATA JOBS,
France,MEDIAN,Software Engineer,146775,,DATA JOBS,
Germany,MEDIAN,Software Engineer,87524,,DATA JOBS,
Greece,MEDIAN,Software Engineer,83430,,DATA JOBS,
Hungary,MEDIAN,Software Engineer,70838,,DATA JOBS,
Ireland,MEDIAN,Software Engineer,91773,,DATA JOBS,
Italy,MEDIAN,Software Engineer,96897,,DATA JOBS,
Netherlands,MEDIAN,Software Engineer,91773,,DATA JOBS,
Poland,MEDIAN,Software Engineer,91773,,DATA JOBS,
Portugal,MEDIAN,Software Engineer,97850,,DATA JOBS,
Romania,MEDIAN,Software Engineer,144663,,DATA JOBS,
Spain,MEDIAN,Software Engineer,79361,,DATA JOBS,
Sweden,MEDIAN,Software Engineer,161195,,DATA JOBS,
,MEDIAN,Software Engineer,98680,,DATA JOBS,MEDIAN COUNTRY AVG
Belgium,MEAN,Software Engineer,60419,,DATA JOBS,
Finland,MEAN,Software Engineer,77250,,DATA JOBS,
France,MEAN,Software Engineer,131083,,DATA JOBS,
Germany,MEAN,Software Engineer,93805,,DATA JOBS,
Greece,MEAN,Software Engineer,93755,,DATA JOBS,
Hungary,MEAN,Software Engineer,72962,,DATA JOBS,
Ireland,MEAN,Software Engineer,91773,,DATA JOBS,
Italy,MEAN,Software Engineer,96897,,DATA JOBS,
Netherlands,MEAN,Software Engineer,113746,,DATA JOBS,
Poland,MEAN,Software Engineer,94958,,DATA JOBS,
Portugal,MEAN,Software Engineer,121478,,DATA JOBS,
Romania,MEAN,Software Engineer,133539,,DATA JOBS,
Spain,MEAN,Software Engineer,106553,,DATA JOBS,
Sweden,MEAN,Software Engineer,161195,,DATA JOBS,
,MEAN,Software Engineer,103529,,DATA JOBS,MEAN COUNTRY AVG
Belgium,MAX,Software Engineer,75087,,DATA JOBS,
Finland,MAX,Software Engineer,77250,,DATA JOBS,
France,MAX,Software Engineer,202395,,DATA JOBS,
Germany,MAX,Software Engineer,182601,,DATA JOBS,
Greece,MAX,Software Engineer,161195,,DATA JOBS,
Hungary,MAX,Software Engineer,91773,,DATA JOBS,
Ireland,MAX,Software Engineer,91773,,DATA JOBS,
Italy,MAX,Software Engineer,108819,,DATA JOBS,
Netherlands,MAX,Software Engineer,191065,,DATA JOBS,
Poland,MAX,Software Engineer,161195,,DATA JOBS,
Portugal,MAX,Software Engineer,164800,,DATA JOBS,
Romania,MAX,Software Engineer,200335,,DATA JOBS,
Spain,MAX,Software Engineer,211150,,DATA JOBS,
Sweden,MAX,Software Engineer,161195,,DATA JOBS,
,MAX,Software Engineer,148616,,DATA JOBS,MAX COUNTRY AVG
Belgium,STD,Software Engineer,20743,,DATA JOBS,
France,STD,Software Engineer,62859,,DATA JOBS,
Germany,STD,Software Engineer,44528,,DATA JOBS,
Greece,STD,Software Engineer,39931,,DATA JOBS,
Hungary,STD,Software Engineer,17168,,DATA JOBS,
Italy,STD,Software Engineer,16860,,DATA JOBS,
Netherlands,STD,Software Engineer,69007,,DATA JOBS,
Poland,STD,Software Engineer,22541,,DATA JOBS,
Portugal,STD,Software Engineer,38004,,DATA JOBS,
Romania,STD,Software Engineer,79239,,DATA JOBS,
Spain,STD,Software Engineer,58647,,DATA JOBS,
,STD,Software Engineer,42684,,DATA JOBS,STD COUNTRY AVG
Belgium,N,Software Engineer,2,,DATA JOBS,
Finland,N,Software Engineer,1,,DATA JOBS,
France,N,Software Engineer,11,,DATA JOBS,
Germany,N,Software Engineer,10,,DATA JOBS,
Greece,N,Software Engineer,6,,DATA JOBS,
Hungary,N,Software Engineer,4,,DATA JOBS,
Ireland,N,Software Engineer,1,,DATA JOBS,
Italy,N,Software Engineer,2,,DATA JOBS,
Netherlands,N,Software Engineer,3,,DATA JOBS,
Poland,N,Software Engineer,15,,DATA JOBS,
Portugal,N,Software Engineer,5,,DATA JOBS,
Romania,N,Software Engineer,4,,DATA JOBS,
Spain,N,Software Engineer,8,,DATA JOBS,
Sweden,N,Software Engineer,1,,DATA JOBS,
,N,Software Engineer,73,,DATA JOBS,N OVERALL
